nameWithOwner;createdAt;countNV;countNM;countNF;countVR;totRel(qtd);countMetChange;countNotaMax;qtDiasLastRel;qtDiasChangedRel;porcValF(%);deltaLOC(qtd);deltaSLOC(qtd);deltaMIF(%);deltaMIT(%);deltaDiff(%);deltaEff(%);deltaTimeH(%);deltaBug(%);deltaFiles(qtd);totalFiles(qtd)
10se1ucgo/DisableWinTracking;2015-08-02;0;18;0;9;27;4;0;1,0;315,5;66,7;-102,0;-66,0;2,78;3,79;0,64;-0,85;-0,85;-9,68;0,0;3,0
1adrianb/face-alignment;2017-09-15;0;0;0;3;3;1;0;116,0;344,0;65,0;-55,0;-39,0;0,0;6,54;0,0;0,0;0,0;0,0;0,0;20,0
521xueweihan/HelloGitHub;2016-05-04;0;0;0;9;9;0;0;31,0;nan;100,0;nan;nan;nan;nan;nan;nan;nan;nan;nan;2,0
a1studmuffin/SpaceshipGenerator;2016-06-14;0;0;0;3;3;1;0;5,0;154,0;100,0;1,0;1,0;-0,1;-0,1;0,0;0,0;0,0;0,0;0,0;3,0
ab77/netflix-proxy;2015-03-17;0;0;0;2;2;0;2;871,5;nan;0,0;nan;nan;nan;nan;nan;nan;nan;nan;nan;6,0
aboul3la/Sublist3r;2015-12-15;0;1;0;1;2;0;0;787,0;nan;0,0;nan;nan;nan;nan;nan;nan;nan;nan;nan;4,0
achael/eht-imaging;2015-09-22;0;0;0;6;6;2;0;39,5;249,5;85,3;1069,5;705,5;-0,8;0,0;-2,46;-3,96;-3,96;-5,24;4,5;75,0
ActivityWatch/activitywatch;2016-04-27;0;0;2;28;30;4;7;18,5;289,5;100,0;72,5;39,5;-8,48;-8,48;14,28;37,48;37,48;26,58;0,5;4,0
ageitgey/face_recognition;2017-03-03;0;0;0;2;2;1;0;197,5;354,0;33,3;592,0;337,0;2,54;-6,18;26,95;245,9;245,9;182,14;10,0;24,0
aidlearning/AidLearning-FrameWork;2019-04-19;0;8;0;10;18;0;0;18,5;nan;79,4;nan;nan;nan;nan;nan;nan;nan;nan;nan;34,0
aio-libs/aiohttp;2013-10-01;0;0;0;119;119;49;0;6,0;25,0;91,7;274,0;218,0;0,0;0,0;0,0;0,23;0,23;0,0;1,0;133,0
airbnb/knowledge-repo;2016-08-17;0;0;0;29;29;10;0;5,0;35,5;97,1;127,5;94,5;0,0;0,0;0,0;-2,54;-2,54;0,0;1,5;104,0
AirtestProject/Airtest;2018-01-24;0;0;0;2;2;1;0;363,5;4,0;80,6;203,0;92,0;-0,72;0,0;1,33;0,0;0,0;0,0;2,0;98,0
ajenti/ajenti;2010-03-03;0;0;0;16;16;8;0;10,5;20,0;95,7;168,5;81,0;-0,1;0,0;0,0;0,0;0,0;0,0;2,5;234,0
albumentations-team/albumentations;2018-06-06;0;0;0;4;4;3;0;113,0;114,0;72,2;152,0;552,0;-6,53;-12,89;14,64;13,86;13,86;23,8;4,0;36,0
aleju/imgaug;2015-07-10;0;0;0;3;3;2;0;142,0;138,5;78,8;13540,0;4675,5;3,04;1,68;-13,64;-14,14;-14,14;-7,07;20,0;146,0
alexjc/neural-enhance;2016-10-01;0;0;0;3;3;2;0;10,0;8,0;100,0;38,5;32,5;-13,05;-12,46;14,39;50,68;50,68;30,78;0,0;1,0
alicevision/meshroom;2015-04-22;0;0;0;3;3;2;0;203,0;185,0;94,4;609,0;459,0;0,0;-0,28;0,0;97,45;97,45;52,76;0,5;72,0
allenai/allennlp;2017-05-15;0;0;0;28;28;26;0;34,0;34,0;92,5;3061,0;2044,5;-0,24;-0,14;1,15;6,76;6,76;5,21;20,0;415,0
altair-viz/altair;2015-09-19;0;0;0;8;8;1;2;112,5;576,0;0,0;21275,0;7432,0;13,7;8,19;-100,0;-100,0;-100,0;-100,0;76,0;245,0
amperser/proselint;2015-01-14;0;0;0;28;28;0;28;2,5;nan;0,0;nan;nan;nan;nan;nan;nan;nan;nan;nan;227,0
amueller/word_cloud;2012-11-04;0;0;0;2;2;1;0;1045,0;830,0;100,0;3207,0;1861,0;-14,95;-11,83;100,0;552,37;552,37;226,19;5,0;22,0
androguard/androguard;2014-09-12;7;0;0;10;17;7;0;21,0;42,0;75,0;288,0;137,0;-0,54;-0,28;0,0;0,0;0,0;3,81;0,0;88,0
ankitects/anki;2012-12-21;1;0;0;8;9;4;0;3,0;5,5;91,7;498,5;335,0;0,48;1,77;-1,02;-5,98;-5,98;-5,06;4,0;121,0
ansible-community/molecule;2015-11-18;1;0;0;18;19;11;0;16,0;23,0;81,2;-297,0;-175,0;-0,16;0,05;0,0;0,0;0,0;-5,9;-4,0;154,0
apachecn/AiLearning;2017-02-25;0;0;0;2;2;1;0;113,0;164,0;43,6;1124,0;434,0;7,92;2,27;7,52;-15,99;-15,99;-10,8;24,0;55,0
apprenticeharper/DeDRM_tools;2015-03-09;0;0;0;77;77;26;0;0,0;0,0;54,5;8,0;19,0;0,0;0,0;0,0;0,0;0,0;0,0;0,0;55,0
arc298/instagram-scraper;2013-04-09;0;0;0;44;44;7;0;8,0;54,0;66,7;3,0;3,0;-0,72;-0,72;0,0;0,0;0,0;0,0;0,0;6,0
asciimoo/searx;2013-10-15;0;0;0;11;11;9;0;145,0;145,0;98,4;805,0;582,0;-0,51;-0,19;0,0;0,0;0,0;0,0;7,0;129,0
asciinema/asciinema;2011-11-21;0;0;7;5;12;4;0;62,5;26,5;89,3;75,0;55,0;-0,68;-0,68;0,0;21,2;21,2;18,2;1,0;28,0
automagica/automagica;2018-02-08;0;0;0;2;2;1;0;307,5;64,0;88,9;28,0;25,0;-0,07;-0,07;0,0;0,0;0,0;0,0;0,0;18,0
automl/auto-sklearn;2015-07-02;0;0;0;13;12;11;0;125,0;125,0;93,0;97,0;-21,0;0,12;0,24;0,0;0,0;0,0;0,0;1,0;285,0
awslabs/aws-sam-cli;2017-05-23;0;0;0;67;66;28;9;12,0;22,0;72,2;350,0;255,5;-0,05;-0,08;0,0;0,0;0,0;0,0;3,0;410,0
awslabs/serverless-application-model;2016-10-10;0;0;0;31;31;13;0;23,0;62,0;76,2;989,0;766,0;0,1;0,08;0,0;0,0;0,0;0,0;3,0;181,0
bear/python-twitter;2012-09-12;0;0;0;12;12;7;0;134,0;182,0;94,6;192,0;170,0;-0,16;-0,53;0,0;0,0;0,0;0,0;2,0;37,0
beetbox/beets;2010-08-09;0;0;0;31;31;27;0;49,0;64,0;95,8;777,0;548,0;0,04;0,0;0,0;0,0;0,0;0,0;2,0;166,0
belluzj/fantasque-sans;2013-11-18;0;0;13;4;17;3;0;26,0;181,0;100,0;84,0;58,0;-0,39;4,5;-53,29;-92,42;-92,42;-71,95;1,0;3,0
benoitc/gunicorn;2009-11-30;0;0;0;25;25;0;25;30,0;nan;0,0;nan;nan;nan;nan;nan;nan;nan;nan;nan;153,0
bigchaindb/bigchaindb;2016-02-08;0;0;0;50;50;32;0;12,0;19,5;87,4;239,5;136,5;-0,2;-0,02;0,0;0,0;0,0;0,02;1,0;135,0
billryan/algorithm-exercise;2015-03-22;0;0;0;13;13;1;0;2,0;128,0;88,9;21,0;19,0;-0,5;-0,5;9,38;56,86;56,86;65,93;0,0;9,0
binux/pyspider;2014-02-21;0;0;0;13;13;12;0;60,0;90,0;90,3;552,0;421,0;-0,32;-0,24;1,18;1,86;1,86;2,33;4,0;103,0
bitcoinbook/bitcoinbook;2013-08-11;0;0;0;3;3;1;0;214,0;243,0;100,0;350,0;206,0;-18,23;-18,23;414,77;2748,93;2748,93;817,15;0,0;12,0
blaze/blaze;2012-10-26;0;0;0;14;14;11;0;48,5;63,0;94,5;261,0;130,0;-0,52;-0,54;1,99;8,27;8,27;3,11;1,0;128,0
Blizzard/s2client-proto;2017-07-22;0;0;0;2;2;1;0;57,5;74,0;50,0;56,0;43,0;11,15;11,15;0,0;25,04;25,04;25,04;3,0;4,0
boto/boto3;2014-10-03;0;0;0;14;14;7;0;6,5;13,0;89,7;245,0;151,0;0,29;0,29;0,0;0,0;0,0;0,0;1,0;39,0
buildbot/buildbot;2010-07-06;1;0;0;29;30;19;0;30,5;35,0;95,6;909,0;798,0;0,0;-0,11;0,0;0,0;0,0;0,0;2,0;821,0
burnash/gspread;2011-12-02;0;0;0;27;27;10;0;17,0;37,0;81,8;170,0;88,0;0,0;0,7;0,0;0,0;0,0;2,74;0,0;11,0
byt3bl33d3r/CrackMapExec;2015-08-14;0;10;0;14;24;13;0;11,0;28,0;88,2;136,0;114,0;-0,06;0,0;0,0;0,0;0,0;0,0;1,0;93,0
byt3bl33d3r/MITMf;2014-07-07;0;0;0;10;10;7;0;31,5;49,0;63,6;259,0;151,0;-1,59;-1,42;0,0;59,77;59,77;0,0;3,0;77,0
carltongibson/django-filter;2009-01-30;0;0;0;19;19;15;0;93,0;127,0;97,5;276,0;198,0;0,0;0,0;0,0;0,0;0,0;0,0;0,0;40,0
celery/celery;2009-04-24;0;0;0;9;9;5;0;45,0;77,0;89,8;351,0;266,0;0,0;0,0;0,0;0,0;0,0;-1,3;1,0;354,0
certbot/certbot;2014-11-12;0;0;0;7;7;3;0;27,0;42,0;98,3;-71,0;41,0;1,13;0,5;0,0;0,0;0,0;0,0;2,0;359,0
chrippa/livestreamer;2011-08-15;0;0;0;24;24;19;0;27,5;30,0;95,4;365,0;236,0;0,03;0,55;0,0;0,0;0,0;0,0;4,0;152,0
chriskiehl/Gooey;2014-01-01;0;0;0;3;3;1;0;216,0;273,0;89,4;942,0;591,0;0,0;-1,84;0,0;0,0;0,0;0,0;10,0;104,0
chrissimpkins/codeface;2015-06-13;1;0;0;1;2;0;0;110,5;nan;0,0;nan;nan;nan;nan;nan;nan;nan;nan;nan;0,0
chrissimpkins/Crunch;2016-04-10;0;0;7;7;14;5;0;3,0;4,0;87,5;139,0;78,0;-1,16;-1,16;0,0;0,0;0,0;0,0;0,0;8,0
christabor/flask_jsondash;2016-02-18;0;0;0;6;6;5;0;58,5;54,0;86,5;405,0;301,0;-1,23;-2,38;0,0;49,21;49,21;58,38;3,0;37,0
chyroc/WechatSogou;2016-05-09;0;0;0;7;7;4;0;43,0;102,0;95,2;120,5;36,0;-2,04;-1,23;0,0;0,0;0,0;0,0;2,0;21,0
cloudtools/troposphere;2012-12-12;0;0;0;53;53;0;53;36,0;nan;0,0;nan;nan;nan;nan;nan;nan;nan;nan;nan;253,0
coala/coala;2014-05-15;1;0;0;16;17;12;0;39,0;51,0;86,4;891,0;423,5;-0,01;0,33;0,0;0,0;0,0;0,0;8,5;272,0
codelucas/newspaper;2013-11-25;1;0;0;1;2;0;0;193,5;nan;0,0;nan;nan;nan;nan;nan;nan;nan;nan;nan;37,0
codertimo/BERT-pytorch;2018-10-15;0;0;0;5;5;2;0;1,0;2,5;100,0;9,0;6,0;0,07;0,02;0,0;29,78;29,78;0,34;-1,5;27,0
coleifer/huey;2011-11-03;0;0;0;38;38;22;0;7,0;27,0;79,3;16,5;14,0;-0,01;0,01;0,0;0,0;0,0;0,0;0,0;58,0
coleifer/peewee;2010-10-11;2;0;0;112;114;58;0;8,0;21,0;91,7;331,0;265,5;0,0;0,0;0,0;1,42;1,42;0,0;0,0;84,0
commonmark/commonmark-spec;2014-08-14;0;0;0;12;12;6;0;48,0;169,0;100,0;-1,5;-1,5;-0,36;-0,49;0,6;7,59;7,59;4,32;0,0;3,0
conda/conda;2012-10-15;9;0;0;120;129;72;0;5,0;9,0;92,0;86,0;68,5;0,0;0,0;0,0;0,0;0,0;0,0;0,0;275,0
cookiecutter/cookiecutter;2013-07-14;0;0;0;18;18;15;0;90,0;102,0;97,6;283,0;191,0;-1,16;-0,34;0,0;0,0;0,0;0,0;2,0;83,0
cowrie/cowrie;2015-05-12;0;0;0;15;15;11;0;74,0;84,0;92,1;746,0;495,0;0,3;-0,31;0,0;-4,39;-4,39;-2,29;6,0;164,0
crsmithdev/arrow;2012-11-18;0;0;0;31;31;16;0;8,0;49,5;72,7;93,5;70,0;1,56;1,56;0,0;0,0;0,0;0,0;0,0;22,0
CTFd/CTFd;2015-01-01;1;0;0;37;38;27;0;21,0;42,0;88,8;354,0;263,0;0,11;0,33;0,0;0,0;0,0;0,0;2,0;214,0
cupy/cupy;2016-11-01;4;0;0;68;72;57;2;14,5;28,0;89,2;394,0;246,0;-0,16;-0,12;0,0;6,25;6,25;1,69;2,0;409,0
d2l-ai/d2l-en;2018-10-09;1;0;0;3;4;2;1;136,0;163,5;0,0;-585,0;-357,0;26,3;26,3;-72,22;-70,24;-70,24;-73,22;-0,5;0,0
d2l-ai/d2l-zh;2017-08-23;1;0;0;9;10;4;1;27,0;155,0;75,0;-28,0;-16,0;17,25;17,25;-8,64;22,38;22,38;10,02;0,0;4,0
darknessomi/musicbox;2014-08-05;0;0;0;10;10;5;0;88,5;113,0;100,0;19,0;19,0;0,0;1,73;0,0;0,0;0,0;-3,2;0,0;21,0
datawire/ambassador;2017-03-30;10;0;0;60;69;29;0;6,0;13,0;0,0;351,0;296,0;-0,35;-0,27;0,0;0,0;0,0;0,0;1,0;0,0
deepfakes/faceswap;2017-12-19;1;0;0;1;2;0;0;287,5;nan;0,0;nan;nan;nan;nan;nan;nan;nan;nan;nan;0,0
deepmind/pysc2;2017-07-25;1;0;0;4;5;2;0;64,0;151,5;0,0;2244,0;1468,5;-2,29;-4,48;35,0;50,79;50,79;29,84;12,0;0,0
deepmind/sonnet;2017-04-03;0;0;0;2;2;1;0;544,5;203,0;100,0;1224,0;764,0;1,16;3,3;-9,58;-8,29;-8,29;-9,57;9,0;124,0
deepmipt/DeepPavlov;2017-11-17;2;0;0;35;36;26;0;20,0;30,5;86,2;1196,5;510,0;-0,22;0,0;0,0;0,0;0,0;0,06;8,5;376,0
deeppomf/DeepCreamPy;2018-02-09;0;0;0;11;11;7;0;7,0;14,0;100,0;21,0;17,0;-1,58;-0,18;-0,33;-24,88;-24,88;-10,78;0,0;10,0
deis/deis;2013-07-22;1;0;0;65;66;5;57;14,5;31,0;0,0;-137,0;-117,0;10,83;1,45;0,0;0,0;0,0;0,0;-1,0;0,0
Delgan/loguru;2017-08-15;0;0;0;15;15;7;1;14,0;0,0;98,6;350,0;188,0;-0,36;-0,36;0,29;1,51;1,51;4,18;2,0;141,0
DistrictDataLabs/yellowbrick;2016-05-18;3;0;0;15;18;11;0;65,5;71,0;0,0;2422,0;925,0;-0,07;-1,71;0,0;0,0;0,0;0,0;17,0;0,0
django-crispy-forms/django-crispy-forms;2011-11-01;0;0;0;12;12;8;0;108,5;118,5;87,1;88,0;71,5;-0,62;-0,04;0,38;0,0;0,0;2,0;0,0;31,0
django-haystack/django-haystack;2009-01-29;0;0;0;10;10;6;0;249,0;312,5;90,4;1298,0;613,0;-0,76;-0,76;0,0;0,0;0,0;0,0;5,0;136,0
django-tastypie/django-tastypie;2010-03-29;0;0;0;4;4;0;4;318,5;nan;0,0;nan;nan;nan;nan;nan;nan;nan;nan;nan;194,0
dmlc/dgl;2018-04-20;0;0;0;10;10;8;0;73,0;73,0;98,6;8054,0;5392,0;0,05;-0,28;1,23;0,88;0,88;-1,38;50,0;629,0
dmlc/gluon-cv;2018-02-26;5;0;0;2;7;1;0;112,0;56,0;0,0;6558,0;3278,0;0,07;-4,12;4,32;18,75;18,75;1,46;38,0;0,0
doccano/doccano;2018-05-09;0;0;0;5;5;0;2;7,0;nan;76,3;nan;nan;nan;nan;nan;nan;nan;nan;nan;59,0
docker/compose;2013-12-09;1;0;0;129;128;60;0;12,0;28,5;82,1;122,0;101,0;0,0;0,0;0,0;0,0;0,0;0,36;0,0;84,0
docker/docker-py;2013-05-23;0;0;0;65;64;41;1;28,0;45,0;93,2;245,0;103,0;0,0;0,0;0,0;0,0;0,0;0,92;1,0;132,0
donnemartin/gitsome;2016-04-23;0;0;0;5;5;2;0;16,0;531,5;94,2;15901,5;10846,5;-1,52;-0,42;25,0;91,89;91,89;50,7;107,5;345,0
donnemartin/haxor-news;2015-11-16;0;0;0;4;4;0;0;98,0;nan;97,8;nan;nan;nan;nan;nan;nan;nan;nan;nan;46,0
donnemartin/saws;2015-08-24;0;0;0;8;8;2;0;26,5;125,0;100,0;450,0;111,5;7,1;-2,19;-25,0;-23,46;-23,46;-7,74;6,5;36,0
dpkp/kafka-python;2012-09-24;0;0;0;32;32;25;0;24,5;56,0;97,0;404,0;308,0;0,0;-0,13;0,0;-2,55;-2,55;-3,59;1,0;135,0
dschep/ntfy;2015-12-17;0;0;0;26;26;16;1;6,0;19,0;95,0;91,5;72,0;0,0;-0,11;0,0;0,0;0,0;0,0;1,0;40,0
dylanaraps/pywal;2017-06-16;7;0;0;71;78;22;0;1,0;10,0;80,0;17,0;10,0;0,0;-0,16;0,0;0,0;0,0;0,0;0,0;25,0
eastlakeside/interpy-zh;2015-09-21;0;0;2;3;5;1;2;56,0;7,0;0,0;98,0;71,0;0,0;31,81;-100,0;-100,0;-100,0;-100,0;26,0;27,0
edgedb/edgedb;2017-06-29;2;0;0;1;3;0;0;292,0;nan;0,0;nan;nan;nan;nan;nan;nan;nan;nan;nan;0,0
eliangcs/http-prompt;2016-04-06;0;0;0;15;15;6;0;40,0;71,5;79,4;37,0;30,0;0,2;-1,79;0,0;0,28;0,28;0,28;0,5;34,0
Eloston/ungoogled-chromium;2015-06-12;0;0;4;22;26;17;0;23,5;16,0;90,6;158,0;106,0;-0,84;-0,86;0,0;14,48;14,48;0,0;0,0;32,0
emre/storm;2013-05-20;0;0;0;6;6;4;0;215,0;202,5;92,3;166,0;122,0;-4,43;-0,18;2,17;23,59;23,59;7,04;0,0;13,0
encode/django-rest-framework;2011-03-02;0;0;0;13;13;6;0;21,0;37,5;88,6;472,0;358,0;0,1;0,0;0,0;3,46;3,46;0,87;1,0;149,0
encode/httpx;2019-04-04;0;0;0;11;11;6;0;6,0;11,0;89,8;137,0;111,0;-0,52;0,01;4,56;6,35;6,35;3,73;0,0;49,0
encode/uvicorn;2017-05-31;0;0;0;2;2;1;0;532,0;1,0;87,1;-36,0;-27,0;1,42;-1,98;0,0;1,48;1,48;0,0;-1,0;62,0
EpistasisLab/tpot;2015-11-03;0;0;0;22;22;10;6;58,0;83,5;97,6;585,0;286,0;3,48;2,57;-20,59;-42,73;-42,73;-34,16;2,5;85,0
equinusocio/material-theme;2015-06-01;0;6;49;33;88;6;0;5,0;28,0;90,0;96,5;70,0;-2,22;0,74;0,0;0,0;0,0;-1,25;1,0;10,0
espressif/esptool;2014-09-06;0;0;0;20;20;8;0;60,5;105,5;85,2;99,0;69,5;0,0;-0,32;0,0;0,0;0,0;0,0;0,5;27,0
eternnoir/pyTelegramBotAPI;2015-06-26;0;0;0;27;26;11;0;36,0;72,0;88,5;248,0;134,0;0,0;0,0;-7,01;-5,16;-5,16;-1,34;1,0;26,0
evhub/coconut;2014-10-04;0;0;0;29;29;22;0;28,0;36,0;88,6;52,5;35,5;-0,53;-0,47;0,0;2,06;2,06;0,0;0,0;35,0
facebook/chisel;2014-02-21;0;0;0;10;10;5;0;199,5;201,0;95,5;37,0;29,0;-0,45;-0,45;19,02;0,0;0,0;0,0;1,0;22,0
facebook/PathPicker;2015-05-01;0;0;0;12;12;8;0;19,5;12,0;89,7;157,5;146,0;-0,16;-0,16;-14,36;-29,7;-29,7;-19,55;1,0;29,0
facebook/prophet;2016-11-16;0;0;0;8;8;7;0;145,5;147,0;91,7;545,0;317,0;-1,0;0,0;6,15;36,0;36,0;19,32;1,0;12,0
facebookresearch/detectron2;2019-09-05;0;0;0;4;4;3;0;43,5;27,0;98,2;778,0;520,0;-0,28;-0,15;2,56;-0,77;-0,77;-1,61;3,0;221,0
facebookresearch/mmf;2018-06-27;0;0;0;2;2;1;0;212,5;61,0;98,2;1250,0;878,0;-0,7;-0,68;0,0;0,0;0,0;1,44;11,0;171,0
facebookresearch/pytext;2018-07-31;0;0;0;9;9;8;0;61,0;60,5;98,8;3873,5;2738,0;-1,73;-2,44;0,0;22,54;22,54;9,85;22,5;340,0
facebookresearch/pytorch3d;2019-10-25;0;0;0;3;3;2;0;50,0;26,5;100,0;5471,5;3288,0;-0,8;-1,54;11,69;24,49;24,49;18,69;20,5;129,0
facebookresearch/visdom;2017-01-25;0;0;0;2;2;1;0;480,5;0,0;57,1;159,0;130,0;20,5;20,5;-59,43;-75,95;-75,95;-55,14;2,0;7,0
fail2ban/fail2ban;2011-09-28;0;0;0;24;24;20;0;94,0;109,0;95,1;488,5;328,0;-0,94;-1,25;0,0;6,98;6,98;7,96;0,5;82,0
fchollet/deep-learning-models;2016-08-03;0;0;0;8;8;6;0;61,5;61,5;100,0;294,0;190,0;-0,44;-2,19;14,22;20,46;20,46;14,86;1,0;10,0
FeatureLabs/featuretools;2017-09-08;0;0;0;49;47;33;0;23,0;30,0;86,5;151,0;69,0;-0,22;0,0;0,0;0,0;0,0;-1,08;1,0;148,0
fizyr/keras-retinanet;2017-08-14;0;0;0;6;6;4;0;80,5;68,5;84,1;912,0;499,5;-0,97;-0,08;1,95;13,5;13,5;8,08;6,0;63,0
flairNLP/flair;2018-06-11;0;0;0;13;12;12;0;55,0;60,0;94,4;692,0;520,0;-0,28;-0,16;4,08;7,55;7,55;5,29;1,5;54,0
flask-admin/flask-admin;2012-03-18;0;0;0;13;13;9;0;132,0;163,0;92,0;792,0;491,0;1,16;0,0;0,0;-8,63;-8,63;-5,74;5,0;137,0
flask-restful/flask-restful;2012-10-12;0;0;0;6;6;4;0;38,0;42,0;96,3;238,0;167,5;-1,72;-0,9;0,0;0,0;0,0;0,0;0,0;27,0
fmfn/BayesianOptimization;2014-06-06;0;0;0;7;7;5;0;89,0;89,0;100,0;216,0;187,0;-2,0;-3,44;17,83;14,3;14,3;6,25;2,0;18,0
freedomofpress/securedrop;2012-01-11;1;0;0;21;22;15;0;36,0;37,0;0,0;510,0;320,0;-0,1;-0,14;0,0;0,0;0,0;0,0;2,0;0,0
freqtrade/freqtrade;2017-05-17;0;0;0;30;29;26;0;31,0;34,0;89,5;979,0;655,0;-0,46;-0,2;0,0;1,84;1,84;1,58;3,0;153,0
frostming/legit;2011-06-25;0;0;0;7;7;3;0;414,0;554,0;90,0;13,0;27,0;-7,71;-11,44;0,0;0,0;0,0;0,0;0,0;10,0
Gallopsled/pwntools;2013-04-29;1;0;0;39;40;14;0;20,0;82,5;96,5;619,5;276,0;0,0;-0,16;0,79;0,0;0,0;-0,46;2,5;198,0
geex-arts/django-jet;2015-07-29;0;0;0;23;23;8;7;12,0;115,0;80,7;110,0;83,5;-0,81;-0,81;0,0;0,0;0,0;0,0;0,5;57,0
geopy/geopy;2010-03-04;0;0;0;32;30;25;0;15,5;29,0;96,6;283,0;156,0;-0,44;-0,25;0,0;0,0;0,0;0,0;1,0;87,0
getpelican/pelican;2010-10-16;0;0;0;9;9;2;0;31,0;472,0;94,9;1033,5;796,5;6,16;-0,72;-1,65;1,56;1,56;2,3;1,0;39,0
getsentry/responses;2013-11-15;0;0;0;18;18;15;0;21,5;32,0;100,0;61,0;44,0;-3,31;-1,03;0,0;0,0;0,0;0,0;0,0;3,0
gevent/gevent;2012-09-13;0;0;0;21;21;18;0;28,0;27,5;82,7;563,5;207,5;0,34;0,27;0,0;0,0;0,0;0,0;2,0;336,0
golemfactory/golem;2015-11-18;0;0;0;37;37;33;0;35,0;35,0;81,1;915,0;810,0;0,08;0,09;0,0;0,0;0,0;-0,92;4,0;870,0
google/clusterfuzz;2019-01-29;8;0;0;10;17;8;0;35,5;40,5;99,7;2,0;12,5;0,02;-0,02;0,0;0,0;0,0;-0,58;3,5;611,0
google/python-fire;2017-02-21;0;0;0;7;7;4;0;236,0;521,0;90,3;5533,0;2964,0;-1,39;-6,86;90,8;290,78;290,78;104,58;17,0;62,0
google/trax;2019-10-05;0;0;0;6;6;4;0;44,0;46,0;92,7;3159,0;1979,0;-0,32;-0,57;5,06;9,04;9,04;14,32;17,0;177,0
googleapis/google-api-python-client;2014-01-08;0;0;0;36;36;7;0;29,0;182,0;100,0;123,0;71,0;0,0;0,0;0,0;0,0;0,0;0,0;0,0;77,0
googlefonts/roboto;2015-04-11;0;0;0;8;8;5;0;56,0;68,0;43,1;3,0;3,0;0,25;-0,03;0,0;0,0;0,0;-2,43;0,0;51,0
googlemaps/google-maps-services-python;2014-08-15;0;0;0;14;14;3;0;15,5;71,0;100,0;296,0;183,0;-2,55;-0,22;0,0;0,0;0,0;0,0;0,0;28,0
gorakhargosh/watchdog;2010-10-23;0;0;0;9;9;7;0;5,0;5,0;100,0;34,0;19,0;0,0;0,0;0,0;0,0;0,0;0,0;0,0;51,0
graphql-python/graphene-django;2016-09-17;0;0;0;29;28;0;29;25,0;nan;0,0;nan;nan;nan;nan;nan;nan;nan;nan;nan;134,0
graphql-python/graphene;2015-09-24;0;0;0;46;46;32;0;16,0;34,0;87,5;222,0;146,0;0,0;0,06;0,0;0,0;0,0;0,0;1,0;128,0
Guake/guake;2012-05-15;0;0;0;54;54;29;0;12,0;14,0;94,6;94,0;64,0;0,0;0,0;0,0;0,0;0,0;0,0;0,0;37,0
guardicore/monkey;2015-08-30;0;0;0;9;9;8;0;149,0;94,5;89,9;1493,5;1078,0;2,04;1,88;0,0;-14,75;-14,75;-0,78;24,0;398,0
gunthercox/ChatterBot;2014-09-28;0;0;0;84;84;6;78;11,0;5,0;0,0;17,5;8,5;-0,02;1,27;25,0;36,0;36,0;17,19;0,0;132,0
hankcs/HanLP;2014-10-09;0;0;49;1;50;0;1;37,0;nan;0,0;nan;nan;nan;nan;nan;nan;nan;nan;nan;0,0
hanxiao/bert-as-service;2018-11-12;0;0;0;10;10;9;0;4,5;5,0;96,7;139,0;82,0;0,95;0,95;0,0;-14,64;-14,64;-5,8;1,0;30,0
harelba/q;2012-01-30;0;0;0;10;10;0;10;23,5;nan;0,0;nan;nan;nan;nan;nan;nan;nan;nan;nan;4,0
healthchecks/healthchecks;2015-06-25;0;0;0;20;20;0;20;41,0;nan;0,0;nan;nan;nan;nan;nan;nan;nan;nan;nan;294,0
HelloZeroNet/ZeroNet;2015-01-12;1;0;0;21;22;18;0;38,0;76,5;70,5;440,5;343,5;-0,18;-0,48;0,11;1,8;1,8;0,51;4,5;220,0
hhatto/autopep8;2010-12-29;0;0;0;11;11;1;0;75,0;140,0;60,3;-4,0;-4,0;1,06;1,06;0,0;-31,94;-31,94;-5,36;0,0;73,0
horovod/horovod;2017-08-09;0;0;0;6;6;2;0;18,0;60,0;91,4;1605,5;1000,5;-0,63;-0,92;10,12;27,44;27,44;15,32;7,0;139,0
hugapi/hug;2015-07-17;0;0;0;13;13;6;1;9,0;22,5;0,0;94,5;40,0;2,8;1,04;0,0;0,0;0,0;0,0;1,5;134,0
huge-success/sanic;2016-05-26;0;0;0;30;27;22;0;23,0;45,0;99,2;571,5;420,5;-0,36;-0,36;0,0;0,78;0,78;1,01;3,5;119,0
huggingface/transformers;2018-10-29;0;0;0;33;30;27;0;11,0;15,0;97,9;3073,0;2005,0;-0,32;-0,19;0,0;0,0;0,0;0,0;9,0;328,0
hugsy/gef;2015-03-26;0;0;0;7;7;4;0;161,0;157,0;75,0;-4,5;-5,0;1,68;0,0;-4,8;-13,58;-13,58;-11,72;0,0;4,0
hylang/hy;2012-12-15;0;0;0;8;8;5;0;155,5;206,0;83,3;81,0;39,0;-0,02;0,34;0,0;0,33;0,33;4,55;1,0;42,0
HypothesisWorks/hypothesis;2013-03-10;0;0;0;340;340;90;0;1,0;3,0;99,7;54,0;27,5;0,0;0,0;0,0;0,0;0,0;0,0;0,0;337,0
idealo/imagededup;2019-04-05;0;0;0;4;4;1;0;30,0;22,0;91,7;487,0;352,0;0,19;-5,98;0,0;0,0;0,0;0,0;1,0;36,0
IDSIA/sacred;2014-03-31;0;0;0;9;9;7;0;208,0;208,0;84,1;1113,0;611,0;-0,08;-0,29;0,0;-1,18;-1,18;-7,57;4,0;113,0
imWildCat/scylla;2018-04-10;0;0;0;7;7;4;0;19,0;18,0;96,5;335,5;219,5;-2,54;-4,75;0,0;0,0;0,0;0,0;3,5;57,0
instagrambot/instabot;2017-01-13;0;0;0;57;57;37;0;2,0;4,0;40,9;68,0;45,0;-0,31;-0,16;0,0;0,0;0,0;0,34;1,0;93,0
iodide-project/pyodide;2018-02-23;0;0;0;23;23;12;0;21,0;31,0;98,7;146,0;113,5;-0,87;-0,55;0,0;0,0;0,0;-3,31;2,0;79,0
iperov/DeepFaceLab;2018-06-04;0;0;0;2;3;1;0;337,5;22,0;94,4;-473,0;-300,0;2,87;0,63;-11,1;-25,02;-25,02;-25,82;8,0;125,0
ipython/ipython;2010-05-10;0;0;0;28;28;15;0;31,0;100,0;95,7;458,0;306,0;-0,03;-0,15;0,0;0,0;0,0;0,0;1,0;351,0
isocpp/CppCoreGuidelines;2015-08-19;2;0;0;2;4;1;0;38,0;76,0;66,7;60,0;43,0;15,35;9,9;-25,78;-33,55;-33,55;-33,28;1,0;3,0
iterative/dvc;2017-03-04;0;0;0;247;240;121;0;2,0;5,0;94,6;103,0;81,0;0,0;-0,11;0,0;0,0;0,0;0,0;1,0;351,0
jackzhenguo/python-small-examples;2019-11-17;1;0;0;4;5;2;0;19,0;16,5;98,6;112,0;41,5;-1,54;-2,14;1,19;64,07;64,07;15,1;1,0;74,0
jakubroztocil/httpie;2012-02-25;0;0;0;34;34;25;0;0,0;0,0;95,0;-9,0;-6,0;0,0;-0,21;0,0;0,0;0,0;0,0;0,0;60,0
jarun/buku;2015-11-01;0;0;10;27;37;11;1;36,0;98,0;88,9;183,0;103,0;-0,17;-0,17;0,0;10,57;10,57;4,54;1,0;18,0
jarun/googler;2015-08-16;0;19;13;0;32;0;0;41,0;nan;0,0;nan;nan;nan;nan;nan;nan;nan;nan;nan;1,0
jayfk/statuspage;2016-02-26;0;0;0;12;12;2;0;2,5;63,0;75,0;107,0;76,0;-1,56;-1,56;-38,1;-47,8;-47,8;-36,96;0,5;4,0
jazzband/django-debug-toolbar;2008-08-28;0;0;0;2;2;1;0;967,5;7,0;91,2;244,0;170,0;-0,16;-1,44;33,33;5,56;5,56;0,0;1,0;57,0
jazzband/pip-tools;2012-09-10;3;0;0;33;36;20;0;21,0;31,0;95,7;111,5;104,5;0,22;0,04;0,0;0,0;0,0;0,0;0,0;46,0
jazzband/tablib;2011-03-28;0;0;0;4;4;2;0;89,5;58,5;90,9;-690,5;-181,5;1,98;4,86;-10,94;-15,33;-15,33;-18,2;-2,0;33,0
jbarlow83/OCRmyPDF;2013-12-20;0;0;0;5;7;3;0;37,0;26,0;94,7;323,0;281,0;-0,36;0,0;0,0;-1,09;-1,09;15,15;2,0;19,0
jiaaro/pydub;2011-05-02;0;0;0;29;29;11;0;67,0;91,0;85,7;73,0;55,0;-0,13;-0,11;0,0;0,0;0,0;0,0;0,0;14,0
jisaacks/GitGutter;2012-12-08;0;0;0;50;50;20;0;18,5;85,5;100,0;81,0;47,5;-0,04;0,18;0,0;0,0;0,0;0,0;0,0;28,0
jpadilla/django-rest-framework-jwt;2014-01-16;0;0;0;16;16;13;0;44,5;45,0;95,0;42,0;30,0;-1,09;-1,16;0,0;0,0;0,0;0,0;0,0;20,0
jpadilla/pyjwt;2011-02-24;0;0;0;24;24;17;0;34,5;41,0;86,2;142,0;93,0;-0,55;-0,73;0,0;0,0;0,0;0,0;1,0;29,0
jrnl-org/jrnl;2012-03-29;0;0;0;21;21;13;0;35,0;35,0;100,0;19,0;22,0;0,0;0,0;0,0;3,99;3,99;4,98;0,0;28,0
Jrohy/multi-v2ray;2018-05-06;0;0;0;36;36;17;0;2,5;2,0;100,0;49,0;49,0;0,05;0,0;0,0;0,0;0,0;0,0;0,0;29,0
kemayo/sublime-text-git;2011-09-27;0;0;0;9;9;4;0;6,0;96,0;100,0;85,0;66,5;-0,42;-0,42;-0,72;-5,87;-5,87;-2,89;0,5;16,0
keras-rl/keras-rl;2016-07-02;0;0;0;8;8;5;0;91,0;121,0;86,0;451,0;243,0;1,99;3,72;-18,09;-11,06;-11,06;-2,41;3,0;43,0
keras-team/autokeras;2017-11-19;0;0;0;37;37;24;1;5,0;15,5;84,4;164,0;131,5;0,11;-0,15;0,0;0,0;0,0;0,0;1,5;96,0
keras-team/keras;2015-03-28;0;0;0;23;23;18;0;28,0;41,0;98,3;1130,0;768,0;0,0;-0,02;0,77;0,0;0,0;0,3;2,5;172,0
Kinto/kinto;2015-02-25;0;0;0;141;141;62;0;7,0;19,0;96,0;146,0;87,5;0,0;-0,14;0,0;0,0;0,0;0,0;0,0;173,0
kivy/kivy;2010-11-03;0;0;0;6;6;5;0;377,5;327,0;97,4;5489,0;3105,0;0,35;-0,61;1,79;5,51;5,51;2,38;14,0;426,0
kivy/python-for-android;2011-11-28;0;0;0;10;10;3;6;97,5;127,0;0,0;448,0;468,0;3,7;5,32;0,0;0,0;0,0;0,0;9,0;244,0
kovidgoyal/kitty;2016-10-16;0;0;0;58;58;44;0;16,0;22,0;85,7;182,5;147,5;-0,23;-0,23;0,0;0,0;0,0;0,0;1,0;154,0
Kozea/WeasyPrint;2011-08-09;0;0;0;31;31;16;0;38,0;68,5;88,9;57,0;63,0;0,0;-0,02;-0,12;-1,84;-1,84;0,0;0,0;90,0
kubernetes-client/python;2016-10-31;0;0;0;45;45;16;0;18,0;52,0;99,1;4136,0;1778,5;0,0;0,0;0,0;0,0;0,0;0,0;11,5;1375,0
lancopku/pkuseg-python;2018-08-05;0;0;0;2;2;1;0;98,5;37,0;90,9;-634,0;-1251,0;61,76;61,76;-33,68;-68,62;-68,62;-54,24;-3,0;11,0
lanpa/tensorboardX;2017-06-13;0;0;0;9;9;8;0;69,0;83,0;63,9;323,0;224,5;0,22;0,32;-3,14;-10,94;-10,94;-3,33;3,5;83,0
laramies/theHarvester;2011-01-01;0;0;0;7;7;6;0;48,0;31,5;92,2;442,0;428,0;-0,74;-0,48;0,0;-2,18;-2,18;0,0;2,5;51,0
LazoCoder/Pokemon-Terminal;2017-04-18;0;0;0;3;3;2;0;309,0;468,5;97,3;273,0;187,5;-3,0;-1,23;-25,0;-16,1;-16,1;-11,85;7,0;37,0
lektor/lektor;2015-12-19;0;0;0;16;16;6;0;43,0;136,0;97,3;602,0;461,0;0,16;-0,12;-1,56;-0,44;-0,44;4,65;3,0;73,0
liangliangyy/DjangoBlog;2016-11-02;0;0;0;14;14;0;14;44,0;nan;0,0;nan;nan;nan;nan;nan;nan;nan;nan;nan;96,0
librosa/librosa;2012-10-20;0;0;0;27;27;18;0;85,0;105,5;98,6;892,0;272,0;1,15;0,96;-1,62;-8,06;-8,06;-4,65;1,0;69,0
littlecodersh/ItChat;2016-01-19;0;0;0;13;13;5;0;9,0;6,0;94,4;86,0;84,0;0,0;-0,5;0,0;23,08;23,08;23,08;0,0;18,0
lmcinnes/umap;2017-07-02;0;0;0;22;21;8;1;28,0;46,0;97,2;137,5;48,0;0,48;1,68;-3,75;0,0;0,0;0,0;0,5;36,0
localstack/localstack;2016-10-25;0;0;0;16;15;12;0;33,0;33,0;74,2;860,5;662,5;-0,04;-0,04;0,0;1,33;1,33;0,82;8,0;163,0
locustio/locust;2011-02-17;0;0;0;28;27;19;0;1,5;4,0;94,2;150,0;99,0;0,47;0,32;0,0;0,0;0,0;0,0;1,0;69,0
LonamiWebs/Telethon;2016-08-26;0;0;0;40;40;32;0;5,5;6,0;100,0;195,5;108,5;-0,06;0,0;0,0;0,0;0,0;0,0;0,0;59,0
lra/mackup;2013-04-06;0;0;0;10;10;4;0;74,5;135,5;100,0;11,0;7,0;0,06;-0,11;0,78;12,12;12,12;6,88;0,0;12,0
lutris/lutris;2013-10-08;5;0;0;31;35;21;0;17,5;32,0;95,8;394,0;303,0;0,0;0,0;0,0;0,0;0,0;0,0;1,0;192,0
lyst/lightfm;2015-07-30;0;0;0;7;7;5;0;182,0;182,0;95,5;226,0;96,0;0,0;-0,19;-1,36;-2,12;-2,12;0,0;0,0;22,0
madmaze/pytesseract;2010-10-27;0;0;0;17;17;4;10;54,0;114,5;100,0;33,0;29,5;-1,23;-1,23;-0,35;8,59;8,59;9,2;0,0;4,0
magenta/magenta;2016-05-05;0;0;0;45;45;32;0;16,0;37,0;99,4;1359,0;921,0;-0,04;-0,09;0,0;0,51;0,51;1,76;4,0;330,0
MagicStack/asyncpg;2016-07-19;0;0;0;21;21;10;0;35,0;78,0;98,0;597,0;417,5;-0,04;-0,42;0,0;0,0;0,0;0,0;1,0;50,0
MagicStack/uvloop;2015-11-08;0;0;0;56;56;27;0;6,0;11,0;97,1;56,0;40,0;0,59;0,59;0,0;0,0;0,0;0,0;1,0;34,0
mahmoud/boltons;2013-02-20;0;0;0;18;18;13;0;2,5;5,0;92,4;250,0;120,0;-0,02;-0,08;0,0;0,0;0,0;0,0;1,0;66,0
mail-in-a-box/mailinabox;2013-08-21;0;0;0;12;12;6;0;33,0;251,5;100,0;167,5;85,0;-0,28;-0,28;3,85;0,0;0,0;0,36;0,0;21,0
mailpile/Mailpile;2011-10-30;0;0;0;8;8;6;0;153,0;153,0;85,9;47,0;3,0;-0,26;0,18;3,43;20,01;20,01;12,0;7,5;184,0
mantl/mantl;2015-01-27;0;0;0;29;29;8;0;5,0;71,0;63,6;146,5;107,5;-2,82;-4,01;7,94;42,08;42,08;13,93;1,0;11,0
matrix-org/synapse;2014-08-11;0;0;0;268;265;101;0;4,0;15,0;96,6;653,0;382,0;0,01;0,0;0,0;0,0;0,0;0,0;2,0;670,0
matterport/Mask_RCNN;2017-10-19;1;0;0;2;3;1;0;34,0;113,0;100,0;527,0;288,0;-2,72;-3,14;-2,17;24,86;24,86;31,71;1,0;8,0
MechanicalSoup/MechanicalSoup;2014-05-26;0;0;0;9;9;2;6;212,0;338,5;0,0;389,5;288,5;5,54;5,54;-50,0;58,12;58,12;216,25;2,5;19,0
meolu/walle-web;2015-09-11;0;0;17;3;20;2;0;0,0;64,0;100,0;588,5;328,5;1,18;1,94;-4,58;-8,31;-8,31;8,24;5,5;92,0
mesonbuild/meson;2014-05-14;0;0;0;67;65;40;0;31,0;50,5;92,8;322,0;260,0;0,26;0,43;0,0;0,0;0,0;0,0;5,0;321,0
mherrmann/fbs;2017-12-15;0;0;0;81;81;33;0;2,0;7,0;87,7;57,0;24,0;0,0;0,0;0,0;0,0;0,0;0,0;1,0;73,0
micahflee/onionshare;2014-05-20;0;0;0;19;19;14;0;83,0;114,5;97,8;608,5;416,0;0,0;-0,6;0,0;0,0;0,0;1,28;1,0;89,0
michael-lazar/rtv;2015-02-08;0;0;0;38;38;22;0;33,5;52,0;96,2;278,5;173,0;-0,34;-0,57;0,06;0,0;0,0;7,14;0,5;52,0
microsoft/botframework-sdk;2016-03-03;0;0;75;1;76;0;0;5,5;nan;0,0;nan;nan;nan;nan;nan;nan;nan;nan;nan;3,0
microsoft/cascadia-code;2019-07-10;0;0;2;5;6;3;0;46,0;49,0;100,0;43,0;33,0;-1,71;-1,71;0,0;4,22;4,22;0,0;0,0;2,0
microsoft/nlp-recipes;2019-04-05;0;0;0;5;5;3;0;61,0;65,0;94,5;4371,0;2607,0;-1,71;-0,79;16,25;55,87;55,87;46,24;10,0;146,0
microsoft/nni;2018-06-01;0;0;0;22;22;18;0;29,0;31,0;93,8;1769,5;1103,0;-0,9;-0,46;0,27;3,26;3,26;0,7;12,5;404,0
mindsdb/mindsdb;2018-08-02;0;0;0;4;4;3;0;96,5;67,0;77,9;54,0;46,0;-3,2;-0,98;0,0;-49,11;-49,11;-49,11;0,0;68,0
mingrammer/diagrams;2020-02-02;0;0;0;27;26;0;27;4,0;nan;0,0;nan;nan;nan;nan;nan;nan;nan;nan;nan;149,0
minimaxir/textgenrnn;2017-08-07;0;0;0;12;12;4;0;18,0;51,0;100,0;74,5;62,0;-1,24;-1,24;2,89;18,24;18,24;11,54;0,0;7,0
mininet/mininet;2011-04-21;0;0;0;3;3;1;0;706,0;832,0;70,1;148,0;73,0;-0,9;-0,12;0,0;0,0;0,0;0,0;0,0;87,0
Miserlou/Zappa;2016-01-20;0;0;0;6;6;2;0;88,0;257,0;86,5;440,5;363,0;4,34;3,48;-7,14;-22,22;-22,22;-14,42;2,0;37,0
mitmproxy/mitmproxy;2010-02-16;0;0;0;33;33;19;0;39,0;57,0;92,6;1258,0;827,0;0,15;0,01;0,0;0,0;0,0;0,0;9,0;517,0
mlflow/mlflow;2018-06-05;0;0;0;29;29;22;0;22,0;33,5;89,8;1696,5;1149,5;-0,32;-0,65;0,0;1,79;1,79;0,0;9,0;400,0
modin-project/modin;2018-06-21;0;0;0;27;26;19;0;22,0;30,0;97,0;318,0;269,0;0,22;0,21;0,0;0,0;0,0;0,0;7,0;168,0
mongodb/mongo-python-driver;2009-01-15;0;0;0;6;6;4;0;63,5;63,5;97,1;909,0;606,0;1,02;0,55;-0,06;2,28;2,28;0,8;2,5;174,0
MongoEngine/mongoengine;2012-03-05;0;0;0;30;30;14;0;13,5;122,5;84,7;156,0;106,0;-0,27;-0,22;0,0;0,0;0,0;0,0;1,0;85,0
mopidy/mopidy;2009-12-23;0;0;0;9;9;3;0;0,0;75,0;90,9;-70,0;-47,0;0,0;-5,25;0,0;0,0;0,0;0,0;0,0;132,0
MrS0m30n3/youtube-dl-gui;2014-03-01;0;0;0;3;3;1;0;396,0;840,0;58,3;228,0;228,0;4,06;1,53;-2,73;-11,67;-11,67;-16,49;10,0;24,0
msiemens/tinydb;2013-07-12;0;0;0;50;50;20;0;0,0;7,5;95,0;4,0;-6,0;-0,04;-0,64;0,0;0,0;0,0;1,62;0,0;20,0
mstamy2/PyPDF2;2012-01-06;0;0;0;3;3;0;0;303,0;nan;75,0;nan;nan;nan;nan;nan;nan;nan;nan;nan;16,0
mwaskom/seaborn;2012-06-18;0;0;0;18;18;7;0;82,5;72,0;0,0;839,0;1061,0;4,02;1,94;-23,05;-40,56;-40,56;-22,83;7,0;76,0
mwouts/jupytext;2018-06-15;0;0;0;82;81;49;0;5,0;5,0;95,4;145,0;98,0;0,0;0,0;0,0;0,0;0,0;0,0;2,0;217,0
MycroftAI/mycroft-core;2016-05-20;1;0;0;121;122;72;0;13,0;15,0;91,5;271,0;166,5;-0,19;-0,1;0,0;0,0;0,0;0,0;1,0;213,0
nameko/nameko;2013-02-26;0;0;0;38;38;26;0;29,5;37,0;92,8;186,5;121,0;0,0;-0,08;0,0;0,0;0,0;0,0;0,0;125,0
nbedos/termtosvg;2018-06-09;0;0;0;12;12;8;0;31,5;31,5;86,7;48,5;47,5;0,73;0,92;0,0;-12,9;-12,9;-9,23;0,0;15,0
NervanaSystems/neon;2014-10-16;0;0;0;32;32;24;0;27,0;30,5;95,6;1256,5;808,5;-0,11;-0,12;0,0;0,0;0,0;-0,19;5,0;248,0
netbox-community/netbox;2016-02-29;15;0;0;129;143;0;129;7,0;nan;0,0;nan;nan;nan;nan;nan;nan;nan;nan;nan;532,0
Netflix/metaflow;2019-09-17;0;0;0;6;6;2;0;38,5;73,5;90,0;70,5;51,5;0,0;-0,6;0,0;0,0;0,0;0,0;0,0;100,0
Netflix/security_monkey;2014-06-27;1;0;0;17;18;14;0;44,5;53,0;81,8;1196,0;700,5;0,31;0,32;0,0;0,0;0,0;-0,82;9,5;341,0
networkx/networkx;2010-09-06;9;0;0;15;24;7;0;25,0;151,0;95,0;3461,0;1395,0;-0,09;-0,22;0,0;5,76;5,76;2,59;10,0;583,0
nficano/pytube;2012-03-18;0;0;0;3;3;0;0;0,0;nan;87,5;nan;nan;nan;nan;nan;nan;nan;nan;nan;8,0
nicolargo/glances;2011-12-04;0;0;0;19;19;12;0;53,0;113,0;95,4;598,0;298,0;0,22;0,13;0,58;0,0;0,0;0,0;2,5;109,0
nl8590687/ASRT_SpeechRecognition;2017-03-06;0;0;0;8;8;7;0;101,0;79,0;100,0;21,0;20,0;0,0;0,0;0,0;0,0;0,0;1,21;0,0;24,0
NTMC-Community/MatchZoo;2017-06-08;0;0;0;2;2;1;0;426,5;188,0;80,5;3429,0;1859,0;1,57;-1,37;27,98;0,0;0,0;0,0;21,0;154,0
NullArray/AutoSploit;2018-01-30;0;0;0;5;5;4;0;67,0;142,0;64,0;362,5;249,5;-5,01;-4,0;10,42;78,39;78,39;14,66;1,0;25,0
nvbn/thefuck;2015-04-08;0;0;0;15;15;10;0;38,0;88,0;97,4;217,0;154,0;0,0;0,0;0,0;0,0;0,0;0,0;4,5;387,0
nvdv/vprof;2015-06-29;0;0;0;19;19;10;0;56,0;67,5;88,5;93,0;66,5;0,28;0,0;-2,08;-5,26;-5,26;1,28;1,0;26,0
nylas/sync-engine;2014-01-15;0;0;0;3;3;2;0;210,0;438,5;85,4;21496,0;15114,5;-2,6;-3,27;0,0;103,92;103,92;82,08;196,5;632,0
OctoPrint/OctoPrint;2012-12-31;0;0;0;92;91;49;0;15,0;50,0;94,4;737,0;438,0;0,0;0,0;-0,5;-5,3;-5,3;-3,41;3,0;214,0
offu/WeRoBot;2013-01-30;0;0;0;26;26;13;0;28,5;130,0;92,6;404,0;198,0;0,0;0,84;0,0;0,0;0,0;0,0;1,0;54,0
OlafenwaMoses/ImageAI;2018-03-19;0;0;0;9;9;4;0;23,0;45,0;61,8;2210,0;1401,0;-0,06;0,05;-1,12;-0,61;-0,61;0,94;18,5;178,0
OmkarPathak/pygorithm;2017-07-31;0;0;0;3;3;2;0;12,0;9,5;97,6;3584,0;1338,0;-6,23;-5,16;6,91;60,62;60,62;30,71;22,0;84,0
openai/gym;2016-04-27;0;0;0;5;5;4;0;280,0;179,5;83,3;-473,0;-327,0;-1,84;-1,48;-0,78;4,66;4,66;2,0;-2,5;138,0
openai/universe;2016-12-04;0;0;0;2;2;1;0;45,5;32,0;83,5;277,0;250,0;0,19;-2,14;4,17;5,53;5,53;-3,43;1,0;115,0
OpenDroneMap/ODM;2014-09-25;0;1;0;12;13;7;0;111,0;128,0;85,7;804,0;573,0;-1,65;-2,15;1,5;0,0;0,0;4,46;3,0;56,0
OpenMined/PySyft;2017-07-18;0;0;0;10;10;7;0;12,5;19,0;82,9;1335,0;851,0;0,01;0,03;0,0;1,47;1,47;0,0;6,0;263,0
OpenNMT/OpenNMT-py;2017-02-22;0;0;0;23;23;20;0;22,0;24,0;98,1;207,5;173,0;-0,02;-0,0;0,16;0,0;0,0;0,39;1,0;105,0
orakaro/rainbowstream;2014-05-05;0;0;0;3;3;0;0;65,0;nan;61,5;nan;nan;nan;nan;nan;nan;nan;nan;nan;13,0
p-e-w/maybe;2016-01-24;0;0;0;5;5;3;0;6,0;6,0;85,7;33,0;26,0;0,19;0,19;0,17;-3,55;-3,55;-3,5;0,0;7,0
PaddlePaddle/ERNIE;2019-03-03;0;0;0;4;4;3;0;90,0;45,0;70,4;855,0;444,0;-3,01;-3,87;19,08;68,03;68,03;20,66;-1,0;71,0
PaddlePaddle/models;2017-04-20;0;0;0;7;7;6;0;94,0;82,0;91,3;27579,0;20133,0;0,83;-0,32;1,27;3,4;3,4;6,06;182,5;970,0
pallets/click;2014-04-24;0;0;0;3;3;0;0;49,0;nan;94,9;nan;nan;nan;nan;nan;nan;nan;nan;nan;59,0
pallets/flask-sqlalchemy;2010-06-01;0;0;0;9;9;4;0;213,0;341,0;100,0;150,0;74,0;1,27;4,01;-18,34;0,0;0,0;0,0;7,0;35,0
pallets/flask;2010-04-06;0;0;0;10;10;7;0;1,0;0,0;93,2;65,0;29,0;2,43;0,46;0,0;-14,9;-14,9;-21,99;1,0;73,0
pallets/jinja;2010-10-17;0;0;0;7;7;5;0;117,0;117,0;91,8;4,0;3,0;0,0;0,95;-0,07;0,0;0,0;-1,29;0,0;61,0
pallets/werkzeug;2010-10-18;0;0;0;13;13;5;0;43,0;127,0;92,6;13,0;4,0;0,54;0,0;0,0;-7,68;-7,68;-2,5;0,0;122,0
pandolia/qqbot;2016-07-29;0;0;0;79;79;37;0;2,0;4,0;71,4;35,0;22,0;0,0;0,37;0,0;0,0;0,0;0,0;1,0;42,0
pirate/ArchiveBox;2017-05-05;0;0;0;9;9;8;0;27,0;24,0;90,9;179,0;150,5;-2,42;-0,64;-0,2;1,78;1,78;9,51;0,5;11,0
platformio/platformio-core;2014-05-09;0;0;0;98;98;47;0;12,5;34,0;98,1;162,0;102,0;0,0;-0,05;0,0;0,0;0,0;0,0;1,0;155,0
plotly/dash;2015-04-10;0;0;0;22;22;13;0;11,0;21,0;97,7;305,0;232,0;-0,45;-0,16;0,0;0,0;0,0;1,78;1,0;87,0
PokemonGoF/PokemonGo-Bot;2016-07-20;0;0;0;7;7;3;0;20,0;32,0;86,4;-35,0;8,0;0,0;-0,03;0,0;0,0;0,0;0,0;2,0;110,0
posativ/isso;2012-10-17;0;0;0;21;21;9;0;27,0;58,0;100,0;237,0;98,0;-0,07;0,0;-5,22;-12,65;-12,65;-20,19;0,0;37,0
postmanlabs/httpbin;2011-05-20;0;0;0;4;4;1;0;558,0;1183,0;100,0;1044,0;801,0;-2,51;-2,9;0,0;0,0;0,0;0,0;0,0;8,0
powerline/powerline;2012-06-12;0;0;0;20;20;15;0;48,0;49,0;94,4;413,0;308,0;-0,14;0,0;0,0;1,2;1,2;1,42;2,0;177,0
pre-commit/pre-commit;2014-03-13;0;0;0;60;59;25;0;13,5;31,0;90,7;131,0;103,0;0,0;-0,34;0,0;0,0;0,0;0,0;0,0;107,0
PrefectHQ/prefect;2018-06-29;0;0;0;52;51;40;0;9,0;13,0;94,4;1190,0;829,5;-0,13;0,0;0,0;0,0;0,0;0,0;6,0;533,0
pritunl/pritunl;2013-09-13;0;0;0;447;447;100;0;2,0;10,5;88,9;54,5;45,5;0,0;0,0;0,0;0,0;0,0;0,0;1,0;261,0
PyCQA/pycodestyle;2009-10-02;0;0;0;4;4;1;0;172,5;345,0;67,5;-160,0;-96,0;0,22;0,22;0,0;93,45;93,45;87,16;0,0;40,0
pydanny/cookiecutter-django;2013-08-14;0;0;0;13;12;0;13;78,0;nan;0,0;nan;nan;nan;nan;nan;nan;nan;nan;nan;55,0
PyGithub/PyGithub;2012-02-25;0;0;0;24;24;15;0;36,0;42,0;98,5;457,0;246,0;0,2;0,34;0,0;0,0;0,0;0,0;2,0;199,0
pymc-devs/pymc3;2009-05-05;1;0;0;20;21;16;0;93,0;100,0;95,7;443,5;421,0;-0,38;-0,46;0,0;5,11;5,11;1,65;1,0;163,0
pypa/virtualenv;2011-03-06;0;0;0;3;3;2;0;252,0;241,5;90,5;796,0;559,5;-4,76;-5,25;14,35;54,33;54,33;39,61;3,5;21,0
pytest-dev/pytest;2015-06-15;0;0;0;27;27;14;0;8,0;11,0;88,0;68,0;89,5;-0,1;-0,24;0,0;0,0;0,0;1,01;0,0;200,0
python-attrs/attrs;2015-01-27;0;0;0;8;8;5;0;6,5;0,0;89,7;458,0;294,0;0,0;0,73;8,33;25,05;25,05;1,38;1,0;29,0
python-pillow/Pillow;2012-07-24;0;0;0;32;31;22;0;74,0;90,0;98,5;626,0;344,5;-0,3;-0,3;0,0;0,0;0,0;0,0;1,0;272,0
python-poetry/poetry;2018-02-28;0;0;0;84;84;48;0;4,0;12,0;81,0;452,0;340,5;-0,03;-0,15;0,0;0,0;0,0;0,0;3,5;252,0
python-telegram-bot/python-telegram-bot;2015-07-07;0;0;0;74;74;39;8;9,5;31,0;95,5;395,0;201,0;0,0;-0,02;0,0;0,0;0,0;0,0;2,0;265,0
python-visualization/folium;2013-05-09;0;0;0;19;19;11;0;98,0;118,0;100,0;437,0;239,0;-0,28;0,0;0,0;-5,06;-5,06;-1,6;3,0;65,0
pytorch/fairseq;2017-08-29;0;0;0;10;10;9;0;65,5;34,0;96,0;3457,0;2439,0;-1,33;-0,74;7,07;8,99;8,99;3,19;21,0;298,0
pytorch/ignite;2017-11-23;0;0;0;8;8;7;0;126,5;116,0;94,2;3234,0;2023,0;-1,25;-1,86;4,7;27,46;27,46;27,34;30,0;224,0
PyTorchLightning/pytorch-lightning;2019-03-31;0;0;0;21;18;16;0;10,0;15,0;91,4;848,5;532,5;-1,29;-0,46;0,0;3,85;3,85;5,56;5,5;162,0
pytransitions/transitions;2014-10-12;0;0;0;20;19;11;0;38,5;73,0;93,9;265,0;121,0;-0,5;-0,5;0,0;2,62;2,62;3,24;0,0;33,0
QingdaoU/OnlineJudge;2015-08-15;0;0;0;6;6;0;6;39,5;nan;0,0;nan;nan;nan;nan;nan;nan;nan;nan;nan;186,0
Qiskit/qiskit-terra;2017-03-03;0;0;0;55;55;31;0;13,0;27,0;99,0;694,0;176,0;0,0;0,0;0,0;0,0;0,0;0,0;4,0;776,0
Qix-/better-exceptions;2017-03-12;0;0;0;2;2;1;0;155,0;249,0;68,4;171,0;130,0;15,19;12,03;-9,09;-32,31;-32,31;-23,93;7,0;19,0
qiyeboy/IPProxyPool;2016-07-21;0;0;0;2;2;1;0;144,5;74,0;96,8;234,0;159,0;-1,08;-2,99;0,0;96,5;96,5;76,19;0,0;31,0
quantopian/zipline;2012-10-19;0;0;0;11;11;9;0;104,0;104,0;94,6;4959,0;2988,0;-1,78;0,26;0,0;-0,1;-0,1;0,73;5,0;257,0
r0oth3x49/udemy-dl;2017-05-01;0;0;0;3;3;2;0;84,0;71,0;88,2;261,5;76,0;-8,02;2,45;68,41;235,92;235,92;136,62;3,0;17,0
RaRe-Technologies/gensim;2011-02-10;0;0;0;33;33;25;0;40,0;45,0;97,8;1063,0;549,0;-0,29;-0,18;0,0;0,0;0,0;0,0;2,0;227,0
RasaHQ/rasa;2016-10-14;0;0;0;34;34;19;0;5,0;7,0;89,0;909,0;641,0;0,0;-0,14;0,0;0,0;0,0;0,0;2,0;353,0
rasbt/mlxtend;2014-08-14;3;0;0;18;21;16;0;83,0;78,0;88,4;755,0;323,5;-0,66;-0,63;0,0;3,17;3,17;1,44;3,0;207,0
ray-project/ray;2016-10-25;0;0;0;34;34;33;0;31,5;31,0;94,7;3485,0;2065,0;0,0;0,0;0,0;-1,07;-1,07;0,0;20,0;916,0
ReactiveX/RxPY;2013-03-22;0;0;0;5;5;4;0;604,0;411,0;97,1;2220,5;1312,5;0,08;0,26;-5,7;2,53;2,53;0,0;11,5;415,0
ReFirmLabs/binwalk;2013-11-15;0;0;0;4;4;2;0;383,5;953,0;98,0;1072,5;706,0;10,37;7,18;-4,31;-25,32;-25,32;-12,39;9,0;49,0
reorx/httpstat;2016-08-30;0;0;0;4;4;3;0;12,0;12,0;100,0;20,0;14,0;-0,53;-0,53;1,11;4,37;4,37;3,11;0,0;2,0
ritiek/spotify-downloader;2016-07-06;0;0;0;23;22;7;12;19,0;50,0;0,0;272,0;218,0;1,41;0,98;0,0;0,0;0,0;-3,02;1,0;69,0
robinhood/faust;2017-03-08;3;0;0;0;3;0;0;7,0;nan;0,0;nan;nan;nan;nan;nan;nan;nan;nan;nan;0,0
robotframework/robotframework;2014-06-27;0;0;0;37;37;27;0;24,0;41,0;87,8;461,0;340,0;0,0;0,07;0,0;0,0;0,0;0,0;3,0;623,0
rougier/numpy-100;2014-05-27;0;0;2;0;2;0;0;411,5;nan;0,0;nan;nan;nan;nan;nan;nan;nan;nan;nan;0,0
rq/rq;2011-11-14;0;0;0;8;7;3;0;34,0;65,0;96,2;64,0;42,0;-0,27;0,61;-18,75;-16,02;-16,02;-3,96;2,0;52,0
rsms/inter;2017-08-22;1;0;0;44;45;18;0;5,0;30,5;80,0;51,0;32,0;0,35;0,3;-1,12;-1,45;-1,45;-2,48;1,0;55,0
rusty1s/pytorch_geometric;2017-10-06;0;0;0;19;19;18;0;36,0;32,0;100,0;1654,5;930,0;-0,52;-0,18;1,32;10,4;10,4;1,47;17,5;446,0
rwightman/pytorch-image-models;2019-02-02;0;0;0;9;8;7;0;43,0;43,0;99,1;2347,0;1653,0;-0,03;-0,21;0,0;2,59;2,59;0,76;8,0;110,0
s0md3v/Photon;2018-03-30;0;0;0;18;18;12;0;4,5;6,0;100,0;47,0;36,5;3,44;3,44;0,52;0,0;0,0;0,0;0,5;16,0
s0md3v/XSStrike;2017-06-26;0;0;0;14;14;12;0;3,0;3,0;100,0;54,5;52,0;-0,42;-0,42;0,0;0,0;0,0;0,0;0,0;28,0
s3tools/s3cmd;2011-06-07;0;0;0;7;7;5;0;267,0;267,0;96,0;86,0;46,0;0,0;0,0;-1,93;0,0;0,0;0,0;0,0;25,0
samuelcolvin/pydantic;2017-05-03;0;0;0;70;70;40;8;10,0;17,0;0,0;388,5;276,0;0,81;0,68;0,0;0,0;0,0;0,0;2,5;184,0
samuelhwilliams/Eel;2017-12-27;0;0;0;16;14;0;0;15,5;nan;0,0;nan;nan;nan;nan;nan;nan;nan;nan;nan;17,0
santinic/pampy;2018-11-08;0;0;0;3;3;2;0;7,0;6,5;90,0;47,0;45,0;-2,5;-0,93;-12,13;-19,11;-19,11;-7,7;0,5;10,0
satwikkansal/wtfpython;2017-08-28;0;0;0;2;2;1;0;422,5;698,0;75,0;534,0;372,0;-4,81;-3,31;150,0;1759,49;1759,49;402,37;2,0;8,0
saulpw/visidata;2016-10-27;2;0;0;18;20;14;0;33,5;39,0;85,9;115,0;87,0;-1,59;-1,08;3,08;2,51;2,51;8,1;4,5;78,0
scikit-image/scikit-image;2011-07-07;0;0;0;4;3;2;0;201,0;205,0;99,1;7730,5;3530,0;0,6;-0,04;4,64;3,8;3,8;1,84;36,5;540,0
scikit-learn-contrib/imbalanced-learn;2014-08-16;0;0;0;26;26;9;0;14,0;160,0;88,5;981,0;758,0;-0,6;-0,56;0,0;0,0;0,0;3,52;3,0;122,0
scrapy/scrapy;2010-02-22;0;0;0;15;15;8;0;61,0;109,0;95,5;884,5;935,5;-0,45;-0,66;0,0;0,0;0,0;0,0;-0,5;313,0
sdispater/pendulum;2016-06-27;0;0;0;43;43;4;37;12,0;293,0;86,1;65,5;45,0;0,21;0,12;0,0;-0,47;-0,47;0,01;1,0;180,0
seatgeek/fuzzywuzzy;2011-07-08;0;0;0;23;23;13;0;29,0;74,0;100,0;24,0;13,0;0,0;0,21;0,0;0,0;0,0;0,0;0,0;11,0
sebastianruder/NLP-progress;2018-06-22;0;0;0;3;3;0;0;37,0;nan;100,0;nan;nan;nan;nan;nan;nan;nan;nan;nan;1,0
seemoo-lab/opendrop;2019-05-14;0;0;0;2;2;1;0;109,5;6,0;100,0;70,0;64,0;16,86;9,35;-54,09;-69,12;-69,12;-57,05;1,0;10,0
shenweichen/DeepCTR;2017-10-07;0;0;0;27;26;21;0;18,0;23,0;95,9;61,0;121,0;0,06;0,28;0,0;-8,74;-8,74;0,0;2,0;97,0
shobrook/rebound;2018-02-28;0;0;0;4;4;1;0;31,5;232,0;66,7;63,0;65,0;-4,92;-4,92;50,0;517,84;517,84;233,92;2,0;6,0
simonw/datasette;2017-10-23;0;0;0;53;49;29;0;9,0;15,0;91,2;235,0;198,0;0,0;-0,05;0,0;0,0;0,0;0,0;1,0;68,0
SirVer/ultisnips;2011-12-30;0;0;0;3;3;2;0;813,0;1027,0;98,7;3891,5;2827,0;-14,27;-12,2;-5,24;149,38;149,38;137,59;17,0;79,0
sivel/speedtest-cli;2012-09-10;0;0;0;21;21;6;0;76,0;207,5;66,7;45,0;32,5;-1,46;-1,14;0,3;5,3;5,3;5,0;0,0;3,0
skorch-dev/skorch;2017-07-18;0;0;0;7;7;6;0;135,0;112,5;96,4;1477,0;870,5;-0,84;-1,44;1,28;2,86;2,86;0,0;2,5;56,0
slackapi/python-slackclient;2014-11-10;0;0;0;34;34;21;0;23,5;27,0;98,0;120,0;86,0;0,16;0,0;0,0;0,0;0,0;0,0;1,0;102,0
sloria/TextBlob;2013-06-30;0;0;0;3;3;1;0;11,0;12,0;93,5;-1418,0;-588,0;2,03;1,68;-5,82;-29,1;-29,1;-16,7;8,0;279,0
smacke/ffsubsync;2019-02-24;2;0;0;4;6;3;0;4,0;1,0;0,0;56,0;52,0;0,0;0,0;2,67;6,1;6,1;0,0;0,0;0,0
snare/voltron;2013-06-25;0;0;0;7;7;6;0;11,0;10,5;88,9;287,0;252,0;-4,22;-1,58;0,0;0,0;0,0;0,0;1,0;54,0
snipsco/snips-nlu;2017-02-08;0;0;0;58;58;30;0;8,0;17,0;96,7;352,0;311,0;0,0;0,08;0,0;0,0;0,0;0,0;1,0;123,0
snorkel-team/snorkel;2016-02-26;0;0;0;11;11;8;0;55,0;110,0;84,2;676,5;424,5;-0,14;-0,31;-4,32;-2,69;-2,69;0,0;12,0;146,0
soimort/you-get;2012-08-20;0;0;0;104;104;57;0;16,5;31,0;89,9;94,0;67,0;0,0;0,0;0,0;0,0;0,0;0,0;1,0;138,0
spotify/luigi;2012-09-20;0;0;0;48;48;33;0;35,0;44,0;98,0;597,0;380,0;-0,3;-0,26;0,0;0,0;0,0;0,0;2,0;252,0
spyoungtech/grequests;2012-05-10;0;0;0;3;3;2;0;248,0;125,5;100,0;5,0;4,0;-0,61;-1,59;20,52;46,73;46,73;18,59;0,0;3,0
sripathikrishnan/redis-rdb-tools;2012-03-10;0;0;0;10;9;5;0;116,0;192,0;90,5;98,0;86,0;-0,46;-0,16;0,0;0,0;0,0;0,0;1,0;21,0
StackStorm/st2;2014-04-23;0;0;0;62;62;46;0;19,5;33,0;86,8;1321,0;930,5;0,04;-0,0;0,0;0,0;0,0;0,0;7,5;1170,0
stamparm/maltrail;2014-12-04;0;0;0;11;10;10;0;73,0;71,5;97,7;44,5;34,5;0,0;0,0;1,62;0,0;0,0;0,0;0,0;88,0
StevenBlack/hosts;2012-04-12;0;0;0;249;245;5;0;3,0;172,0;75,0;3,0;1,0;-1,8;-1,8;0,0;0,0;0,0;0,0;0,0;4,0
streamlink/streamlink;2016-09-16;0;0;0;28;28;21;0;37,5;44,0;98,8;720,0;571,0;0,05;0,17;0,0;0,0;0,0;0,0;10,0;508,0
SublimeText-Markdown/MarkdownEditing;2012-05-17;0;0;0;13;13;9;0;67,0;55,0;100,0;23,0;24,0;0,0;0,0;0,0;12,63;12,63;3,78;0,0;23,0
taoufik07/responder;2018-10-09;0;0;0;3;3;2;0;136,0;119,5;92,6;136,5;65,0;-2,08;6,32;0,0;-27,54;-27,54;-5,09;1,0;27,0
tensorflow/cleverhans;2016-09-15;0;0;0;6;6;4;0;110,5;214,5;89,0;7494,5;4666,0;-5,56;-6,84;7,43;19,55;19,55;7,49;45,0;154,0
tensorflow/tensor2tensor;2017-06-15;0;0;0;75;75;63;0;7,0;8,0;99,3;1066,0;642,0;0,0;0,0;0,0;0,0;0,0;0,0;3,0;449,0
tensorflow/tensorboard;2017-05-15;0;0;0;33;33;22;0;25,0;36,5;100,0;2125,5;1456,5;-0,14;-0,04;0,0;0,0;0,0;0,0;4,0;338,0
tensorforce/tensorforce;2017-03-19;0;0;0;8;8;6;0;62,0;62,0;97,8;404,0;321,5;-0,55;0,03;1,24;4,73;4,73;0,0;3,0;139,0
tensorlayer/tensorlayer;2016-06-07;0;0;0;74;74;46;0;10,5;17,5;97,2;440,5;262,5;0,0;-0,01;0,0;0,0;0,0;0,0;1,0;248,0
tensorpack/tensorpack;2015-12-25;0;0;0;3;3;2;0;432,0;260,0;95,8;5376,5;3033,5;-5,26;-3,61;13,18;44,89;44,89;23,1;18,5;236,0
tflearn/tflearn;2016-03-31;0;0;0;7;7;6;0;61,0;46,5;99,0;630,5;273,0;0,04;0,68;0,0;4,22;4,22;24,88;3,0;98,0
tgalal/yowsup;2012-11-03;0;0;0;15;15;0;15;36,0;nan;0,0;nan;nan;nan;nan;nan;nan;nan;nan;nan;320,0
the0demiurge/ShadowSocksShare;2017-08-27;0;0;0;5;5;1;0;1,0;493,0;90,4;3,0;3,0;-0,81;-0,81;0,0;7,6;7,6;0,29;0,0;52,0
timofurrer/maya;2016-12-16;0;0;0;7;7;0;0;5,0;nan;90,0;nan;nan;nan;nan;nan;nan;nan;nan;nan;10,0
timothycrosley/isort;2013-09-02;0;0;0;60;55;11;13;1,0;228,0;93,9;27,0;24,0;0,0;1,02;0,0;0,0;0,0;0,0;1,0;66,0
tmux-python/tmuxp;2013-08-27;0;0;0;66;66;28;3;1,0;3,5;0,0;78,5;43,0;0,0;0,02;0,0;0,0;0,0;0,0;0,0;45,0
tqdm/tqdm;2015-06-03;0;0;0;85;84;45;0;11,0;26,0;94,0;61,0;41,0;0,0;0,0;0,0;0,0;0,0;0,0;0,0;50,0
trailofbits/algo;2016-05-15;0;0;0;2;2;1;0;586,0;134,0;100,0;619,0;469,0;-27,11;-21,32;116,82;6735,15;6735,15;1983,65;1,0;4,0
Tribler/tribler;2013-02-25;13;0;0;87;100;49;0;11,0;32,0;0,0;100,0;72,0;0,0;0,0;0,0;0,0;0,0;0,0;0,0;0,0
tweepy/tweepy;2009-07-06;0;0;0;11;11;4;2;190,0;480,5;96,2;249,5;165,5;-2,08;-0,5;0,0;0,0;0,0;0,0;0,0;26,0
twintproject/twint;2017-06-10;0;0;0;9;9;8;0;15,0;13,0;95,7;51,0;44,0;-0,06;-0,8;0,0;5,9;5,9;2,72;0,0;23,0
tzutalin/labelImg;2015-09-17;0;0;0;2;2;1;0;586,5;0,0;76,0;144,0;99,0;-2,96;-7,46;0,0;0,0;0,0;0,0;4,0;25,0
uber/ludwig;2018-12-27;0;0;0;6;6;5;0;69,0;81,0;93,5;1147,0;953,0;1,41;1,39;-1,83;4,34;4,34;0,96;10,0;108,0
Uberi/speech_recognition;2014-04-23;0;0;0;23;23;9;0;11,0;62,0;40,0;24,0;15,0;0,0;0,0;-1,15;0,0;0,0;-1,57;1,0;15,0
ubuntu/microk8s;2018-05-09;0;0;0;3;3;2;0;57,0;32,5;81,8;746,0;514,0;-4,54;-3,44;37,67;131,7;131,7;50,57;4,0;44,0
ufoym/deepo;2017-10-27;0;0;1;1;2;0;0;15,5;nan;0,0;nan;nan;nan;nan;nan;nan;nan;nan;nan;23,0
vaexio/vaex;2014-09-27;0;0;0;4;4;3;0;310,0;469,0;84,8;8996,0;7243,0;-3,52;-5,73;10,0;38,93;38,93;10,53;43,0;164,0
wangshub/wechat_jump_game;2017-12-29;0;0;0;2;2;1;0;5,0;5,0;100,0;53,0;22,0;4,14;10,06;1,0;-4,58;-4,58;-6,39;1,0;10,0
webpy/webpy;2008-09-29;0;0;0;3;3;0;0;176,0;nan;83,9;nan;nan;nan;nan;nan;nan;nan;nan;nan;31,0
what-studio/profiling;2014-09-03;0;0;0;2;2;1;0;239,0;135,0;96,6;1436,0;929,0;-13,13;-9,05;32,21;456,99;456,99;160,55;6,0;29,0
wifiphisher/wifiphisher;2014-09-26;0;1;0;3;4;2;0;276,0;201,5;82,1;3646,5;1679,5;-2,11;-1,43;-12,05;1,0;1,0;13,58;10,0;28,0
wkentaro/labelme;2016-05-09;0;0;0;37;37;12;0;4,0;10,0;77,3;44,5;33,5;-0,14;-0,14;2,36;0,07;0,07;0,0;0,0;44,0
xmendez/wfuzz;2014-10-22;0;1;0;24;25;6;8;50,0;97,5;86,5;89,5;77,5;0,0;0,0;-1,78;-0,13;-0,13;-1,28;1,0;104,0
xonsh/xonsh;2015-01-21;0;0;0;73;73;36;0;9,0;25,0;92,9;129,0;95,0;0,0;-0,06;-0,85;-1,8;-1,8;0,0;1,0;326,0
yahoo/TensorFlowOnSpark;2017-01-20;0;0;0;19;19;12;0;28,0;52,5;98,1;127,5;60,0;-0,12;0,14;-1,18;-0,7;-0,7;0,12;1,0;52,0
yandex/gixy;2017-03-15;0;0;0;9;9;5;0;31,0;31,0;78,0;37,0;21,0;1,01;0,7;0,0;0,0;0,0;0,0;1,0;59,0
Yelp/dumb-init;2015-08-11;0;0;2;17;19;11;0;12,0;14,0;90,9;33,0;19,0;-0,02;-0,66;0,0;0,0;0,0;0,0;0,0;11,0
youfou/wxpy;2017-02-20;0;0;0;14;14;9;0;7,5;9,0;83,9;121,0;57,0;0,0;-0,15;0,0;0,0;0,0;0,0;0,0;56,0
ytisf/theZoo;2014-01-09;0;0;0;2;2;1;0;169,5;178,0;10,0;17,0;10,0;-0,64;-0,64;-0,99;-3,9;-3,9;-2,93;1,0;10,0
yzhao062/pyod;2017-10-03;0;0;0;11;10;9;0;67,0;67,0;99,0;848,0;433,0;-0,23;-0,29;0,0;18,85;18,85;0,0;6,0;97,0
zalando/connexion;2015-05-19;0;0;0;110;110;57;6;6,5;13,0;97,4;118,0;74,0;0,0;0,0;0,0;0,0;0,0;0,0;1,0;116,0
zalando/patroni;2015-07-08;1;0;0;35;36;16;0;36,0;68,0;90,7;287,5;216,5;0,0;-0,2;0,0;0,0;0,0;0,0;2,0;75,0
Zulko/moviepy;2013-08-12;0;0;0;13;13;9;0;42,0;70,0;96,0;276,0;203,0;-0,94;-0,38;0,0;-8,4;-8,4;-4,57;1,0;124,0
zylo117/Yet-Another-EfficientDet-Pytorch;2020-04-06;0;0;0;2;2;1;0;4,0;8,0;100,0;1490,0;798,0;14,69;4,35;-22,58;-54,68;-54,68;-14,83;9,0;20,0
