nameWithOwner,url,releases,updateAt,totalLoc,totalSloc,validFiles,invalidFiles,filesNotRead,filesNoMetric,cc,ccRank,miMultiFalse,miMultiFalseRank,miMultiTrue,miMultiTrueRank,difficulty,effort,timeHas,bugs
abars/YoloKerasFaceDetection,https://github.com/abars/YoloKerasFaceDetection.git,2,2020-05-14,1008,745,6,2,0,5,6,B,49.311575604326606,A,49.311575604326606,A,5.799890350877193,10313.75619696759,572.9864553870883,0.4331572868949549
ageitgey/face_recognition,https://github.com/ageitgey/face_recognition.git,2,2020-05-13,-1,-1,-1,-1,-1,-1,-1,Z,-1,Z,-1,Z,-1,-1,-1,-1
aio-libs/aiohttp-security,https://github.com/aio-libs/aiohttp-security.git,2,2020-05-13,1572,1117,20,0,0,5,1,A,63.82559624361131,A,71.93094719856649,A,1.0714285714285714,31.380065449191978,1.7433369693995542,0.009143856189774724
AirtestProject/Airtest,https://github.com/AirtestProject/Airtest.git,2,2020-05-13,11208,6479,79,1,5,13,2,A,63.36093017797671,A,69.7611536295918,A,2.533333333333333,245.9697756756106,13.664987537533923,0.031151468431919623
ayush1997/visualize_ML,https://github.com/ayush1997/visualize_ML.git,2,2020-03-10,528,306,2,0,1,1,4,A,47.000201840519196,A,52.8418387787942,A,5.233610567514678,6563.089637915578,364.6160909953099,0.40907496902170104
bazelbuild/rules_android,https://github.com/bazelbuild/rules_android.git,2,2020-04-19,-1,-1,-1,-1,-1,-1,-1,Z,-1,Z,-1,Z,-1,-1,-1,-1
bedapudi6788/NudeNet,https://github.com/bedapudi6788/NudeNet.git,2,2020-05-13,627,414,5,0,0,2,4,A,56.274514939633214,A,74.16983517838567,A,1.5,72.64806399138325,4.036003555076848,0.016144014220307392
BitBotFactory/MikaLendingBot,https://github.com/BitBotFactory/MikaLendingBot.git,2,2020-05-13,1989,1346,15,8,0,3,3,A,51.20877418187035,A,65.00174280731046,A,3.4615384615384617,778.8461538461539,43.269230769230774,0.06315375293665844
blueset/ehForwarderBot,https://github.com/blueset/ehForwarderBot.git,2,2020-05-14,5216,2994,26,0,2,4,2,A,54.32475224699338,A,57.98913974268683,A,2.071428571428571,258.16447874960284,14.3424710416446,0.0404373142062517
C0reL0ader/EaST,https://github.com/C0reL0ader/EaST.git,2,2020-04-17,1611,1210,16,194,6,2,3,A,54.781606661374404,A,61.15075994451247,A,2.5247252747252746,336.7895785511379,18.710532141729885,0.04088873151846574
dadadel/pyment,https://github.com/dadadel/pyment.git,2,2020-05-10,2385,1393,26,1,0,5,1,A,100.0,A,100.0,A,0.0,0.0,0.0,0.0
deworrall92/harmonicConvolutions,https://github.com/deworrall92/harmonicConvolutions.git,2,2020-04-13,1990,1352,10,5,0,2,2,A,51.25992074614159,A,52.38175530253724,A,3.7626441299790354,2259.4396117445303,125.52442287469613,0.19992945264179213
ethereum/casper,https://github.com/ethereum/casper.git,2,2020-05-13,4579,3500,20,2,0,4,3,A,46.282661728844225,A,46.282661728844225,A,3.3731442205726405,1167.85705509218,64.88094750512113,0.1425868967006914
facebookresearch/ParlAI,https://github.com/facebookresearch/ParlAI.git,2,2020-05-13,-1,-1,-1,-1,-1,-1,-1,Z,-1,Z,-1,Z,-1,-1,-1,-1
facebookresearch/visdom,https://github.com/facebookresearch/visdom.git,2,2020-05-13,833,656,4,0,0,3,4,A,71.54846872319477,A,71.54846872319477,A,1.71875,391.6814882042854,21.760082678015856,0.0574814520372908
google/spatial-media,https://github.com/google/spatial-media.git,2,2020-05-10,1830,1225,7,0,0,4,3,A,55.69842215160437,A,59.371341786117455,A,5.384615384615385,1830.7432646412528,101.70795914673627,0.1525619387201044
joshuaduffy/dota2api,https://github.com/joshuaduffy/dota2api.git,2,2020-05-13,991,640,9,0,0,7,2,A,51.925994941674524,A,64.5913836316471,A,1.25,204.7334859318074,11.374082551767078,0.05640527661769311
jupyter-incubator/sparkmagic,https://github.com/jupyter-incubator/sparkmagic.git,2,2020-05-07,9867,7246,91,8,11,10,2,A,72.49631947756941,A,73.73387349545808,A,0.5,15.509775004326936,0.861654166907052,0.005169925001442312
kiryha/Houdini,https://github.com/kiryha/Houdini.git,2,2020-05-13,156,69,2,9,2,1,2,A,82.93671096195743,A,81.05572432088039,A,1.25,47.104512509375034,2.616917361631946,0.00810075208489584
LandGrey/pydictor,https://github.com/LandGrey/pydictor.git,2,2020-05-12,4575,3358,58,0,4,6,4,A,79.65582460615377,A,84.03128919697724,A,1.7083333333333335,65.16052813888226,3.620029341049014,0.01729715809318649
mhinz/neovim-remote,https://github.com/mhinz/neovim-remote.git,2,2020-05-13,640,504,2,0,0,2,3,A,40.7676036089004,A,44.3994730230419,A,4.256172839506172,4713.722785538773,261.8734880854874,0.202046708684595
miaow1988/ShuffleNet_V2_pytorch_caffe,https://github.com/miaow1988/ShuffleNet_V2_pytorch_caffe.git,2,2020-05-07,589,488,2,0,0,0,2,A,34.606759793471944,A,34.606759793471944,A,8.20186243594797,8263.52526742051,459.0847370789172,0.3327474044882066
mxbi/mlcrate,https://github.com/mxbi/mlcrate.git,2,2020-05-11,731,397,8,0,0,1,3,A,62.85215887768939,A,72.61202333264647,A,3.498076923076923,477.47475803136757,26.52637544618709,0.04591863683729739
Nickduino/Pi-Somfy,https://github.com/Nickduino/Pi-Somfy.git,2,2020-05-10,2248,1702,8,0,0,0,3,A,36.42877324505213,A,38.449714587545074,A,6.9825174825174825,9642.511781018153,535.695098945453,0.4716243977000046
NTMC-Community/MatchZoo,https://github.com/NTMC-Community/MatchZoo.git,2,2020-05-13,12076,6479,124,0,4,26,2,A,66.27000167138956,A,82.99361724986804,A,0.8333333333333333,11.60964047443681,0.6449800263576005,0.004643856189774725
nucypher/nucypher,https://github.com/nucypher/nucypher.git,2,2020-05-13,-1,-1,-1,-1,-1,-1,-1,Z,-1,Z,-1,Z,-1,-1,-1,-1
ofek/hatch,https://github.com/ofek/hatch.git,2,2020-05-13,10948,8243,81,0,8,12,3,A,54.71263685380501,A,59.432872975758926,A,1.4,111.4694169837047,6.192745387983595,0.020836749843245433
openai/universe,https://github.com/openai/universe.git,2,2020-05-13,14765,10613,96,1,3,15,2,A,60.49884951106114,A,63.73307577373504,A,2.604166666666667,351.99629192701804,19.555349551501003,0.037773462131201765
open-mmlab/mmskeleton,https://github.com/open-mmlab/mmskeleton.git,2,2020-05-13,-1,-1,-1,-1,-1,-1,-1,Z,-1,Z,-1,Z,-1,-1,-1,-1
pytorch/captum,https://github.com/pytorch/captum.git,2,2020-05-13,-1,-1,-1,-1,-1,-1,-1,Z,-1,Z,-1,Z,-1,-1,-1,-1
pytorch/tnt,https://github.com/pytorch/tnt.git,2,2020-05-11,2947,1833,34,0,0,7,2,A,57.89737536513676,A,69.5834538110306,A,2.196428571428571,109.85128948276225,6.102849415709014,0.01726871868465843
Qix-/better-exceptions,https://github.com/Qix-/better-exceptions.git,2,2020-05-13,920,631,16,0,0,5,1,A,74.84529027930373,A,78.07760084461921,A,1.0,15.509775004326936,0.861654166907052,0.005169925001442312
secureworks/dalton,https://github.com/secureworks/dalton.git,2,2020-05-07,-1,-1,-1,-1,-1,-1,-1,Z,-1,Z,-1,Z,-1,-1,-1,-1
splunk/splunk-ansible,https://github.com/splunk/splunk-ansible.git,2,2020-05-13,3059,2451,14,0,0,0,4,A,44.368788354521556,A,44.368788354521556,A,1.7543103448275863,1003.8240629872034,55.76800349928908,0.19119971418365653
stepjam/RLBench,https://github.com/stepjam/RLBench.git,2,2020-05-12,-1,-1,-1,-1,-1,-1,-1,Z,-1,Z,-1,Z,-1,-1,-1,-1
thu-ml/tianshou,https://github.com/thu-ml/tianshou.git,2,2020-05-13,7147,5251,52,0,7,9,4,A,54.53806486652702,A,61.81390019094061,A,3.626923076923077,442.29863231907973,24.572146239948875,0.04359147917027245
timesler/facenet-pytorch,https://github.com/timesler/facenet-pytorch.git,2,2020-05-13,1890,1259,7,0,0,2,2,A,34.98071716392973,A,52.56675232708598,A,5.365853658536586,1982.5,110.13888888888889,0.10166666666666667
tzutalin/labelImg,https://github.com/tzutalin/labelImg.git,2,2020-05-14,2145,1599,21,0,1,3,2,A,64.88145842704218,A,64.88145842704218,A,1.0,27.0,1.5,0.009
ubuntu/microk8s,https://github.com/ubuntu/microk8s.git,2,2020-05-13,6223,3986,31,0,8,4,2,A,57.92119973731325,A,66.8361253775239,A,3.0,224.39999999999998,12.466666666666665,0.02734823416925963
ustream/openduty,https://github.com/ustream/openduty.git,2,2020-04-21,-1,-1,-1,-1,-1,-1,-1,Z,-1,Z,-1,Z,-1,-1,-1,-1
VertaAI/modeldb,https://github.com/VertaAI/modeldb.git,2,2020-05-14,-1,-1,-1,-1,-1,-1,-1,Z,-1,Z,-1,Z,-1,-1,-1,-1
wemake-services/wemake-django-template,https://github.com/wemake-services/wemake-django-template.git,2,2020-05-13,691,364,15,0,4,14,2,A,88.06012917978572,A,91.78326913990742,A,0.5,3.1699250014423126,0.17610694452457293,0.002113283334294875
yampelo/beagle,https://github.com/yampelo/beagle.git,2,2020-05-07,14010,9225,80,0,11,12,2,A,60.965280281922745,A,62.87020311095719,A,1.5,91.45054179035444,5.080585655019691,0.017899678341945974
ytisf/theZoo,https://github.com/ytisf/theZoo.git,2,2020-05-13,1450,1022,11,0,0,2,3,A,59.14237547173211,A,60.99555333604193,A,2.7142857142857144,350.10637535084226,19.450354186157902,0.08719781128806443
1adrianb/face-alignment,https://github.com/1adrianb/face-alignment.git,3,2020-05-13,1536,1035,13,0,0,7,2,A,53.22587135727187,A,63.59642049191304,A,3.103448275862069,716.3309040905901,39.79616133836612,0.048315491650566374
alephdata/aleph,https://github.com/alephdata/aleph.git,3,2020-05-13,21267,15327,272,1,8,15,2,A,68.33910498429185,A,71.83642750617217,A,0.6904761904761905,12.121368811848015,0.6734093784360008,0.004906890595608518
almandin/fuxploider,https://github.com/almandin/fuxploider.git,3,2020-05-12,469,380,2,0,0,1,5,A,34.74231788755816,A,37.17390767967162,A,5.825892857142858,2902.625514064041,161.25697300355785,0.1357571726384808
bambocher/pocketsphinx-python,https://github.com/bambocher/pocketsphinx-python.git,3,2020-05-13,1055,604,11,0,0,2,2,A,100.0,A,100.0,A,0,0,0.0,0.0
Berkeley-Reject/Encrypted-DNS,https://github.com/Berkeley-Reject/Encrypted-DNS.git,3,2020-05-12,797,616,11,0,0,5,3,A,60.229853451221764,A,60.229853451221764,A,1.5,83.25989365817458,4.625549647676365,0.01729715809318649
d2l-ai/d2l-en,https://github.com/d2l-ai/d2l-en.git,3,2020-05-14,114,81,1,0,0,3,4,A,60.58848922106479,A,60.58848922106479,A,4.375,1387.4180824513403,77.07878235840779,0.10570804437724497
DMOJ/online-judge,https://github.com/DMOJ/online-judge.git,3,2020-05-12,-1,-1,-1,-1,-1,-1,-1,Z,-1,Z,-1,Z,-1,-1,-1,-1
facebookresearch/detectron2,https://github.com/facebookresearch/detectron2.git,3,2020-05-14,39668,24563,183,0,4,34,3,A,55.95393298454305,A,63.50835577194861,A,3.7333333333333334,762.2515499358677,42.34730832977043,0.06965784284662087
foremast/foremast,https://github.com/foremast/foremast.git,3,2020-05-12,13449,7111,141,0,0,32,2,A,86.88251247129965,A,86.8124895043779,A,0.5,2.3774437510817346,0.1320802083934297,0.0015849625007211565
fr31/spotifylyrics,https://github.com/fr31/spotifylyrics.git,3,2020-05-11,634,522,3,0,0,0,4,A,40.47996125535239,A,40.47996125535239,A,6.666666666666667,4800.8789454788985,266.7154969710499,0.22805157971971834
GKalliatakis/Keras-VGG16-places365,https://github.com/GKalliatakis/Keras-VGG16-places365.git,3,2020-05-01,626,351,3,0,0,0,19,C,53.60139745441131,A,62.64691388562423,A,6.379310344827586,1921.8815999276694,106.77119999598163,0.10042264215838272
gruns/icecream,https://github.com/gruns/icecream.git,3,2020-05-11,1137,780,7,0,0,2,2,A,96.14429487525429,A,96.14429487525429,A,0.5,2.3774437510817346,0.1320802083934297,0.0015849625007211565
gustavz/realtime_object_detection,https://github.com/gustavz/realtime_object_detection.git,3,2020-05-07,2058,1388,12,0,2,3,1,A,69.79586673411512,A,71.15777728650431,A,2.5247252747252746,282.46704109650875,15.692613394250486,0.03777077063216534
horovod/horovod,https://github.com/horovod/horovod.git,3,2020-05-13,24629,15391,112,0,10,17,2,A,67.55929273863555,A,68.39758197592721,A,2.70979020979021,291.9373359563657,16.21874088646476,0.03871777562007653
jamesmawm/High-Frequency-Trading-Model-with-IB,https://github.com/jamesmawm/High-Frequency-Trading-Model-with-IB.git,3,2020-05-13,388,234,4,0,2,1,2,A,72.63788877693469,A,79.37603462640857,A,1.5,146.12024948125304,8.117791637847391,0.0201166849311222
jilljenn/tryalgo,https://github.com/jilljenn/tryalgo.git,3,2020-04-29,6788,3556,86,0,0,6,5,A,76.09854962251609,A,73.03171204724285,A,4.6957894736842105,1028.2115354374632,57.12286307985906,0.06809338133709426
jonluca/Anubis,https://github.com/jonluca/Anubis.git,3,2020-05-05,1245,907,23,0,2,3,6,B,67.46023146710874,A,70.97027693912472,A,1.5,65.88476134168141,3.6602645189823004,0.014339850002884626
matterport/Mask_RCNN,https://github.com/matterport/Mask_RCNN.git,3,2020-05-13,6342,3278,10,0,0,1,3,A,54.95000417819385,A,53.52935307712319,A,7.736263736263735,5470.967641056639,303.94264672536883,0.23562851781978011
mbj4668/pyang,https://github.com/mbj4668/pyang.git,3,2020-05-11,10899,8409,45,0,1,10,2,A,45.82613248862789,A,50.91060126882183,A,5.75,2222.903558754915,123.49464215305085,0.1312130572876165
MJL85/natlas,https://github.com/MJL85/natlas.git,3,2020-05-02,4695,2979,22,0,0,3,4,A,56.32354560054414,A,63.68810291229988,A,3.342307692307692,843.4634457274426,46.85908031819126,0.08246582159315607
Neo23x0/yarAnalyzer,https://github.com/Neo23x0/yarAnalyzer.git,3,2020-04-18,598,410,1,0,0,0,4,A,31.347919728200125,A,31.976926487578666,A,6.923076923076923,9902.010185351612,550.1116769639784,0.47676345336878123
openshift/openshift-ansible-contrib,https://github.com/openshift/openshift-ansible-contrib.git,3,2020-05-13,6916,5119,22,15,0,3,3,A,48.78626384810037,A,49.07927102139892,A,5.861538461538462,2694.9748198743137,149.72082332635077,0.12767712947736704
orakaro/rainbowstream,https://github.com/orakaro/rainbowstream.git,3,2020-05-13,2938,2369,8,0,1,4,3,A,50.99596187861303,A,68.04613981418547,A,2.6474201474201475,498.22283450591755,27.679046361439866,0.0638936821830649
P1sec/pycrate,https://github.com/P1sec/pycrate.git,3,2020-05-07,-1,-1,-1,-1,-1,-1,-1,Z,-1,Z,-1,Z,-1,-1,-1,-1
RiotGames/cloud-inquisitor,https://github.com/RiotGames/cloud-inquisitor.git,3,2020-04-22,15710,10701,96,0,3,22,2,A,52.70459465371046,A,63.45025802574422,A,1.5,87.86557928963327,4.881421071646293,0.015995435173714146
s/preprocessor,https://github.com/s/preprocessor.git,3,2020-05-12,378,216,7,0,0,4,1,A,78.96799861949226,A,88.06800240188976,A,0.5,2.3774437510817346,0.1320802083934297,0.0015849625007211565
spencerdodd/kernelpop,https://github.com/spencerdodd/kernelpop.git,3,2020-05-08,18916,15905,56,0,7,2,1,A,100.0,A,100.0,A,0.0,0.0,0.0,0.0
treethought/flask-assistant,https://github.com/treethought/flask-assistant.git,3,2020-05-04,3266,2218,22,0,4,4,1,A,60.58150815397687,A,60.58150815397687,A,1.0,23.00977500432694,1.2783208335737188,0.010839850002884625
achael/eht-imaging,https://github.com/achael/eht-imaging.git,4,2020-05-13,14275,8584,35,0,0,35,3,A,52.103549513011025,A,55.902079873201025,A,7.236486486486487,15154.576683803505,841.9209268779725,0.5644225948400953
albumentations-team/albumentations,https://github.com/albumentations-team/albumentations.git,4,2020-05-14,5963,4466,25,0,4,5,2,A,39.166330952265554,A,42.89132092303014,A,2.58,376.96349633808444,20.942416463226913,0.08139940546000544
Cartucho/OpenLabeling,https://github.com/Cartucho/OpenLabeling.git,4,2020-05-13,2209,1508,5,0,0,0,2,A,60.37135589288662,A,64.8269197509202,A,3.0,446.9711582658173,24.831731014767627,0.054178322214038455
dluvizon/deephar,https://github.com/dluvizon/deephar.git,4,2020-05-12,7658,5416,44,0,0,12,3,A,41.61283310320552,A,48.34846039422949,A,5.326357466063349,2566.618950963618,142.589941720201,0.15950932109528604
expectocode/telegram-export,https://github.com/expectocode/telegram-export.git,4,2020-05-06,3139,2242,11,0,1,3,4,A,42.8371670879412,A,53.810686610527256,A,5.25,1792.3522807949653,99.5751267108314,0.1089368907605677
gboeing/pynamical,https://github.com/gboeing/pynamical.git,4,2020-05-08,1121,285,2,0,0,3,3,A,57.672221800769954,A,44.05909257021927,A,4.221014492753623,4041.4805674259546,224.5266981903308,0.21707206696628412
inforion/idapython-cheatsheet,https://github.com/inforion/idapython-cheatsheet.git,4,2020-05-09,268,113,8,0,0,0,1,A,86.71012783116737,A,94.31070081799817,A,0.25,3.4828921423310435,0.1934940079072802,0.0023219280948873623
iskandr/fancyimpute,https://github.com/iskandr/fancyimpute.git,4,2020-05-10,2674,1768,23,0,0,3,2,A,69.4458918400094,A,70.14519475690511,A,2.5454545454545454,208.4962500721156,11.583125004006423,0.02734823416925963
isocpp/CppCoreGuidelines,https://github.com/isocpp/CppCoreGuidelines.git,4,2020-05-13,244,177,2,0,0,1,4,A,55.39700352182973,A,57.86270578817034,A,5.221014492753623,3037.192632560413,168.73292403113405,0.14448957447281602
kundajelab/atac_dnase_pipelines,https://github.com/kundajelab/atac_dnase_pipelines.git,4,2020-04-29,515,369,5,10,0,1,1,A,63.50906613401265,A,63.50906613401265,A,5.0476190476190474,852.8030251341352,47.37794584078529,0.047377945840785286
man-group/arctic,https://github.com/man-group/arctic.git,4,2020-05-12,21196,14170,127,1,21,9,2,A,54.81768802412667,A,58.40055788565439,A,1.8670212765957446,253.823744779619,14.101319154423278,0.04975918151662715
marin-m/pbtk,https://github.com/marin-m/pbtk.git,4,2020-05-12,3035,2118,10,0,0,2,7,B,34.48676861144106,A,40.190235487674045,A,8.95258064516129,12880.173349843466,715.5651861024148,0.5091032778148477
mila-iqia/blocks,https://github.com/mila-iqia/blocks.git,4,2020-04-29,20686,10824,84,0,8,6,2,A,48.58449748123593,A,57.57097037077089,A,3.1863636363636365,679.8131968888524,37.767399827158464,0.0768961490420609
mukulhase/WebWhatsapp-Wrapper,https://github.com/mukulhase/WebWhatsapp-Wrapper.git,4,2020-05-13,2690,1622,14,2,1,5,2,A,54.5806888011918,A,66.81648392479379,A,1.8,82.12108943352291,4.5622827463068285,0.013517619389305699
PaddlePaddle/ERNIE,https://github.com/PaddlePaddle/ERNIE.git,4,2020-05-13,12664,9276,50,0,4,17,3,A,54.325613626460665,A,55.70332169870355,A,6.207792207792208,1791.782032761554,99.54344626453079,0.11226181689744827
Psyop/Cryptomatte,https://github.com/Psyop/Cryptomatte.git,4,2020-05-04,451,330,1,2,0,2,2,A,32.01413391138062,A,34.501590987529504,A,16.303225806451614,236033.40595941345,13112.966997745192,4.8259039603890095
pyvideo/data,https://github.com/pyvideo/data.git,4,2020-05-05,-1,-1,-1,-1,-1,-1,-1,Z,-1,Z,-1,Z,-1,-1,-1,-1
pywren/pywren,https://github.com/pywren/pywren.git,4,2020-05-04,8250,4888,43,1,1,10,2,A,70.73007080116673,A,74.44938052505789,A,1.5,48.0,2.6666666666666665,0.013287712379549451
qubvel/segmentation_models,https://github.com/qubvel/segmentation_models.git,4,2020-05-13,3743,2180,19,0,2,4,2,A,57.0813245601452,A,67.70659304195331,A,2.8947368421052633,380.3632851190636,21.131293617725756,0.04905374780501027
RocketMap/RocketMap,https://github.com/RocketMap/RocketMap.git,4,2020-05-09,7126,5191,22,3,0,3,2,A,55.388261942265814,A,55.58002436728793,A,5.639652014652015,2151.5597203747016,119.53109557637231,0.12269502920385317
sa7mon/S3Scanner,https://github.com/sa7mon/S3Scanner.git,4,2020-05-13,783,403,3,0,0,0,5,A,47.853354558885286,A,49.23354717212122,A,3.769230769230769,3714.922813221934,206.3846007345519,0.32853058892438874
stampery/mongoaudit,https://github.com/stampery/mongoaudit.git,4,2020-05-12,1631,1046,13,0,2,3,2,A,60.93894530093194,A,69.65323539492891,A,2.4,275.2657028711443,15.292539048396906,0.03823134762099227
studioml/studio,https://github.com/studioml/studio.git,4,2020-05-12,14056,10808,80,0,2,21,2,A,49.33376474215308,A,49.33376474215308,A,3.0527777777777776,482.16618950549196,26.787010528082888,0.05494779066154595
tadfisher/android-sdk-updater,https://github.com/tadfisher/android-sdk-updater.git,4,2020-02-16,403,297,4,0,0,2,2,A,52.32483967699723,A,52.32483967699723,A,3.3269230769230766,468.8771842023415,26.048732455685638,0.05577983147124004
TaleLin/lin-cms-flask,https://github.com/TaleLin/lin-cms-flask.git,4,2020-05-12,2259,1562,34,0,0,12,2,A,77.44593326325273,A,87.66056470949486,A,0.5,2.3774437510817346,0.1320802083934297,0.0015849625007211565
Tuhinshubhra/ExtAnalysis,https://github.com/Tuhinshubhra/ExtAnalysis.git,4,2020-05-13,-1,-1,-1,-1,-1,-1,-1,Z,-1,Z,-1,Z,-1,-1,-1,-1
vulnersCom/getsploit,https://github.com/vulnersCom/getsploit.git,4,2020-05-13,267,209,1,0,0,2,8,B,39.55064678099484,A,40.95082238168837,A,5.045454545454546,3676.984924248637,204.2769402360354,0.24292392892933937
Ekultek/WhatWaf,https://github.com/Ekultek/WhatWaf.git,5,2020-05-13,5424,4317,133,0,4,1,4,A,67.94389268085007,A,67.94389268085007,A,0.75,15.509775004326936,0.861654166907052,0.005169925001442312
Hironsan/anago,https://github.com/Hironsan/anago.git,5,2020-05-13,2449,1481,17,0,1,5,1,A,62.82055612552863,A,75.28425720981353,A,1.0,11.60964047443681,0.6449800263576005,0.0038698801581456034
HyperGAN/HyperGAN,https://github.com/HyperGAN/HyperGAN.git,5,2020-05-14,21885,16970,197,0,8,20,2,A,51.624252318571486,A,54.416028770404395,A,3.375,595.1026719031277,33.06125955017376,0.05953890309645384
InsightSoftwareConsortium/itkwidgets,https://github.com/InsightSoftwareConsortium/itkwidgets.git,5,2020-05-11,3003,2344,10,0,0,3,7,B,37.9262788043354,A,44.586649520428566,A,4.314401622718052,1951.4455133902134,108.41363963278963,0.20276557747984336
microsoft/cascadia-code,https://github.com/microsoft/cascadia-code.git,5,2020-05-13,196,147,1,0,0,1,1,A,47.350479925402794,A,47.350479925402794,A,4.551724137931035,1634.2956922955686,90.7942051275316,0.11968327039538254
olofk/fusesoc,https://github.com/olofk/fusesoc.git,5,2020-05-12,5690,4469,32,0,2,5,3,A,53.1667872336585,A,53.7451055387629,A,1.7375,169.41725555650353,9.412069753139086,0.03612002487034034
openai/gym,https://github.com/openai/gym.git,5,2020-05-14,16286,11283,151,0,15,16,2,A,56.5534494661297,A,63.16323156086308,A,2.685185185185185,369.57539539456604,20.531966410809225,0.04099496261260177
retext-project/retext,https://github.com/retext-project/retext.git,5,2020-05-13,5061,3523,24,0,0,3,2,A,62.01335513093278,A,62.01335513093278,A,3.640837104072398,806.4230819179558,44.80128232877532,0.07114409216884252
tensortrade-org/tensortrade,https://github.com/tensortrade-org/tensortrade.git,5,2020-05-13,-1,-1,-1,-1,-1,-1,-1,Z,-1,Z,-1,Z,-1,-1,-1,-1
yoda-pa/yoda,https://github.com/yoda-pa/yoda.git,5,2020-05-12,7949,5235,63,2,9,5,1,A,81.55642988714698,A,89.62555276076999,A,0.5,2.3774437510817346,0.1320802083934297,0.0015849625007211565
alfredfrancis/ai-chatbot-framework,https://github.com/alfredfrancis/ai-chatbot-framework.git,6,2020-05-13,2308,1476,21,0,7,5,2,A,74.553762871936,A,82.01453531660769,A,0.5,6.965784284662087,0.3869880158145604,0.0038698801581456034
asyml/texar,https://github.com/asyml/texar.git,6,2020-05-13,51401,26113,221,0,6,70,2,A,61.688010072915084,A,65.733739455077,A,3.2,458.4962500721157,25.472013892895315,0.04584962500721157
epinna/tplmap,https://github.com/epinna/tplmap.git,6,2020-05-13,5715,4397,57,2,6,4,2,A,85.86652541821631,A,85.86652541821631,A,0.5,2.3774437510817346,0.1320802083934297,0.0015849625007211565
fkie-cad/FACT_core,https://github.com/fkie-cad/FACT_core.git,6,2020-05-12,27982,21386,308,0,132,4,2,A,55.668761986810736,A,58.789381616385036,A,1.1428571428571428,61.64541270661793,3.424745150367663,0.01584962500721156
google/trax,https://github.com/google/trax.git,6,2020-05-14,39689,24095,162,0,0,13,2,A,69.19261063266987,A,68.19232992739134,A,2.8267045454545454,412.8813967862254,22.937855377012525,0.04796821747615625
google/turbinia,https://github.com/google/turbinia.git,6,2020-05-13,13952,7468,89,0,3,5,3,A,83.00248762461352,A,83.56818648357594,A,0.5,2.3774437510817346,0.1320802083934297,0.0015849625007211565
LegoStormtroopr/django-spaghetti-and-meatballs,https://github.com/LegoStormtroopr/django-spaghetti-and-meatballs.git,6,2020-05-08,311,217,4,0,1,6,2,A,56.816000822618435,A,74.38901814794129,A,1.5238095238095237,209.05571908629122,11.614206615905067,0.050365685145922885
LiuDianshi/Icourses-Videos-and-PPTs-Download,https://github.com/LiuDianshi/Icourses-Videos-and-PPTs-Download.git,6,2020-05-13,407,350,5,0,1,2,3,A,52.345255279494666,A,52.345255279494666,A,2.2666666666666666,588.1107044485392,32.672816913807736,0.08648686830125578
Netflix/metaflow,https://github.com/Netflix/metaflow.git,6,2020-05-13,16006,10729,90,0,3,7,2,A,62.165915164577214,A,65.04530655870701,A,2.5,276.7135005991589,15.372972255508827,0.033516916793087825
PaulMcInnis/JobFunnel,https://github.com/PaulMcInnis/JobFunnel.git,6,2020-05-13,2970,1964,17,0,3,3,3,A,57.067519161024656,A,59.539653269107205,A,3.0434782608695654,1022.6091456432421,56.81161920240234,0.07584965109965383
Pirate-Crew/IPTV,https://github.com/Pirate-Crew/IPTV.git,6,2020-05-10,-1,-1,-1,-1,-1,-1,-1,Z,-1,Z,-1,Z,-1,-1,-1,-1
pwndbg/pwndbg,https://github.com/pwndbg/pwndbg.git,6,2020-05-13,-1,-1,-1,-1,-1,-1,-1,Z,-1,Z,-1,Z,-1,-1,-1,-1
shirosaidev/stocksight,https://github.com/shirosaidev/stocksight.git,6,2020-05-13,1294,1004,2,0,0,0,10,B,29.049580091019628,A,31.146083581375827,A,9.850305833586088,34228.952043705234,1901.608446872513,0.9898579508174775
tableau/document-api-python,https://github.com/tableau/document-api-python.git,6,2020-05-06,1785,1180,13,0,1,5,1,A,64.6870716165482,A,69.90251871985363,A,0.5,6.965784284662087,0.3869880158145604,0.004643856189774725
tensorflow/cleverhans,https://github.com/tensorflow/cleverhans.git,6,2020-05-13,40826,25382,193,0,10,18,2,A,58.234436855946775,A,64.79875276536636,A,3.9375,770.2737001211543,42.792983340064126,0.06801173393178601
tiangolo/full-stack-fastapi-postgresql,https://github.com/tiangolo/full-stack-fastapi-postgresql.git,6,2020-05-14,1767,1288,36,0,11,10,1,A,72.0809454748464,A,77.28577533341095,A,0.5,2.6887218755408675,0.14937343753004817,0.0015849625007211565
zentralopensource/zentral,https://github.com/zentralopensource/zentral.git,6,2020-05-11,-1,-1,-1,-1,-1,-1,-1,Z,-1,Z,-1,Z,-1,-1,-1,-1
apache/incubator-tvm,https://github.com/apache/incubator-tvm.git,7,2020-05-14,-1,-1,-1,-1,-1,-1,-1,Z,-1,Z,-1,Z,-1,-1,-1,-1
autorope/donkeycar,https://github.com/autorope/donkeycar.git,7,2020-05-13,15982,10433,82,0,2,16,2,A,56.13181340892916,A,64.52162529890747,A,2.9006410256410255,504.09117808545557,28.005065449191974,0.04584962500721157
carla-simulator/scenario_runner,https://github.com/carla-simulator/scenario_runner.git,7,2020-05-11,12282,7112,45,0,7,3,2,A,60.96530123850682,A,67.84420004800343,A,2.7777777777777777,261.7026771675066,14.539037620417032,0.03256744426973415
DT42/BerryNet,https://github.com/DT42/BerryNet.git,7,2020-05-13,7520,4858,45,1,2,2,1,A,66.86780676113501,A,68.67468976587315,A,2.2222222222222223,359.8988547075411,19.994380817085617,0.04126466250649041
EnableSecurity/wafw00f,https://github.com/EnableSecurity/wafw00f.git,7,2020-05-13,3478,2153,156,0,2,4,3,A,100.0,A,100.0,A,0.0,0.0,0.0,0.0
farrokhi/dnsdiag,https://github.com/farrokhi/dnsdiag.git,7,2020-05-12,1072,825,3,0,0,1,2,A,39.0707825104976,A,39.0707825104976,A,8.987654320987655,9329.51940114394,518.3066333968856,0.3460123953720966
google/aiyprojects-raspbian,https://github.com/google/aiyprojects-raspbian.git,7,2020-05-13,-1,-1,-1,-1,-1,-1,-1,Z,-1,Z,-1,Z,-1,-1,-1,-1
IBM/AIF360,https://github.com/IBM/AIF360.git,7,2020-05-13,14882,7828,91,0,4,19,3,A,63.78870170482947,A,68.77409010866167,A,3.1666666666666665,384.59309460855474,21.366283033808596,0.04392317422778761
janeczku/calibre-web,https://github.com/janeczku/calibre-web.git,7,2020-05-13,-1,-1,-1,-1,-1,-1,-1,Z,-1,Z,-1,Z,-1,-1,-1,-1
peterbrittain/asciimatics,https://github.com/peterbrittain/asciimatics.git,7,2020-05-13,12973,9130,50,0,1,8,1,A,61.314320467768226,A,62.96471656725107,A,4.034313725490196,589.0459485308438,32.72477491838021,0.05659345217740437
philipperemy/keract,https://github.com/philipperemy/keract.git,7,2020-05-13,745,492,7,0,0,8,2,A,81.49748290445825,A,81.49748290445825,A,0.5,6.965784284662087,0.3869880158145604,0.004
quantopian/empyrical,https://github.com/quantopian/empyrical.git,7,2020-05-12,7173,3910,8,0,1,5,3,A,37.15789396558413,A,42.32047956048874,A,6.556901240863505,6939.335139854739,385.51861888081885,0.34550359797280394
qubvel/efficientnet,https://github.com/qubvel/efficientnet.git,7,2020-05-14,1146,787,6,0,0,5,2,A,73.36090618171735,A,75.59457464562371,A,1.75,90.80482023721841,5.044712235401023,0.013655261428220697
sentinelsat/sentinelsat,https://github.com/sentinelsat/sentinelsat.git,7,2020-05-13,3635,2423,12,0,2,3,4,A,47.08296851727988,A,49.5394449602251,A,3.864358974358974,1116.6626118123522,62.03681176735291,0.09575918151662716
tox-dev/tox,https://github.com/tox-dev/tox.git,7,2020-05-13,10469,8378,75,0,6,13,2,A,54.478961410300705,A,60.516115660422166,A,1.8,164.4777326328885,9.13765181293825,0.026409525009134644
untwisted/sukhoi,https://github.com/untwisted/sukhoi.git,7,2020-05-05,345,198,5,0,0,2,2,A,64.74695550306556,A,82.1960812694756,A,0.5,2.3774437510817346,0.1320802083934297,0.0015849625007211565
charles2gan/GDA-android-reversing-Tool,https://github.com/charles2gan/GDA-android-reversing-Tool.git,8,2020-05-13,468,379,11,0,0,0,4,A,87.84720322606863,A,87.84720322606863,A,1.0,15.509775004326936,0.861654166907052,0.005169925001442312
ckiplab/ckiptagger,https://github.com/ckiplab/ckiptagger.git,8,2020-05-13,2116,1574,6,0,0,2,3,A,42.19139853553311,A,46.130811405044064,A,6.329761904761905,5098.212859267551,283.23404773708614,0.26713184501188564
fchollet/deep-learning-models,https://github.com/fchollet/deep-learning-models.git,8,2020-05-13,2764,1574,10,0,0,0,6,B,49.57107577943293,A,59.24956591656132,A,6.227754237288135,2624.785420218781,145.82141223437674,0.12264167015724543
Gerapy/Gerapy,https://github.com/Gerapy/Gerapy.git,8,2020-05-13,-1,-1,-1,-1,-1,-1,-1,Z,-1,Z,-1,Z,-1,-1,-1,-1
glumpy/glumpy,https://github.com/glumpy/glumpy.git,8,2020-05-10,46348,27342,282,0,6,51,1,A,67.22530274132278,A,67.74731397935216,A,4.071428571428571,547.1259982313081,30.395888790628227,0.04410063382234208
InQuest/ThreatIngestor,https://github.com/InQuest/ThreatIngestor.git,8,2020-05-05,4546,3132,51,0,1,2,2,A,86.86362144230891,A,86.86362144230891,A,0.5,2.3774437510817346,0.1320802083934297,0.0015849625007211565
kyper-data/python-highcharts,https://github.com/kyper-data/python-highcharts.git,8,2020-05-12,-1,-1,-1,-1,-1,-1,-1,Z,-1,Z,-1,Z,-1,-1,-1,-1
NVIDIA/OpenSeq2Seq,https://github.com/NVIDIA/OpenSeq2Seq.git,8,2020-05-13,-1,-1,-1,-1,-1,-1,-1,Z,-1,Z,-1,Z,-1,-1,-1,-1
pipxproject/pipx,https://github.com/pipxproject/pipx.git,8,2020-05-13,3955,3103,42,0,0,5,3,A,70.05601953054158,A,70.05601953054158,A,1.7008928571428572,72.22215106670886,4.01234172592827,0.013512027026233069
pytorch/text,https://github.com/pytorch/text.git,8,2020-05-13,10147,5949,49,0,4,16,3,A,54.034981724413385,A,65.59216074134957,A,2.25,392.2149746110282,21.78972081172379,0.04857121042079129
quantumlib/Cirq,https://github.com/quantumlib/Cirq.git,8,2020-05-13,-1,-1,-1,-1,-1,-1,-1,Z,-1,Z,-1,Z,-1,-1,-1,-1
seperman/deepdiff,https://github.com/seperman/deepdiff.git,8,2020-05-12,4016,2778,14,0,0,4,2,A,37.60082475811446,A,44.95549811531798,A,4.060498883097543,1567.3179225423073,87.07321791901707,0.17085251703107407
alexandreborges/malwoverview,https://github.com/alexandreborges/malwoverview.git,9,2020-05-12,334,202,1,0,0,2,2,A,51.450945910585446,A,54.590032330580634,A,6.72,3441.049131698783,191.16939620548794,0.1706869608977571
eventable/vobject,https://github.com/eventable/vobject.git,9,2020-05-09,3414,1990,15,0,0,5,2,A,49.70206869583706,A,64.85769636073324,A,3.847826086956522,1886.3498562944287,104.79721423857937,0.15923154708142562
IDSIA/sacred,https://github.com/IDSIA/sacred.git,9,2020-05-13,17803,12220,97,0,2,16,2,A,52.941272034210996,A,61.544859401009845,A,2.0,416.91453522105803,23.16191862339211,0.06243204266092216
j3ssie/Osmedeus,https://github.com/j3ssie/Osmedeus.git,9,2020-05-13,7100,5561,72,0,3,8,3,A,70.44628219950354,A,70.44628219950354,A,0.875,14.153055894874456,0.7862808830485809,0.0069657842846620865
jsvine/pdfplumber,https://github.com/jsvine/pdfplumber.git,9,2020-05-13,2475,1982,15,0,0,2,2,A,48.44684676283458,A,48.44684676283458,A,3.103448275862069,621.9483829933797,34.55268794407665,0.07772769592204117
landlab/landlab,https://github.com/landlab/landlab.git,9,2020-05-13,-1,-1,-1,-1,-1,-1,-1,Z,-1,Z,-1,Z,-1,-1,-1,-1
lanpa/tensorboardX,https://github.com/lanpa/tensorboardX.git,9,2020-05-13,8365,5059,61,0,2,32,2,A,63.668858257999815,A,63.70507065475258,A,1.8,97.08755051246888,5.393752806248271,0.017924812503605784
OlafenwaMoses/ImageAI,https://github.com/OlafenwaMoses/ImageAI.git,9,2020-05-13,11413,6522,69,0,11,37,2,A,52.26783959782793,A,62.43115234640106,A,3.0,497.5587063947038,27.64215035526132,0.05043458750793273
pandas-ml/pandas-ml,https://github.com/pandas-ml/pandas-ml.git,9,2020-05-13,10559,7098,79,0,0,21,1,A,100.0,A,100.0,A,0,0,0.0,0.0
ScottfreeLLC/AlphaPy,https://github.com/ScottfreeLLC/AlphaPy.git,9,2020-05-12,14099,5031,21,0,1,2,2,A,55.44918630631214,A,45.98551804405091,A,6.166666666666667,1909.918341652732,106.10657453626288,0.08987851019542267
sevagas/macro_pack,https://github.com/sevagas/macro_pack.git,9,2020-05-10,4787,3159,39,0,6,18,2,A,67.11201348475394,A,68.80091736712666,A,1.2,77.43519001557698,4.301955000865387,0.02343611821489358
vmware/vsphere-automation-sdk-python,https://github.com/vmware/vsphere-automation-sdk-python.git,9,2020-05-04,-1,-1,-1,-1,-1,-1,-1,Z,-1,Z,-1,Z,-1,-1,-1,-1
WoLpH/numpy-stl,https://github.com/WoLpH/numpy-stl.git,9,2020-05-13,-1,-1,-1,-1,-1,-1,-1,Z,-1,Z,-1,Z,-1,-1,-1,-1
autonomio/talos,https://github.com/autonomio/talos.git,10,2020-05-13,-1,-1,-1,-1,-1,-1,-1,Z,-1,Z,-1,Z,-1,-1,-1,-1
CPJKU/madmom,https://github.com/CPJKU/madmom.git,10,2020-05-09,-1,-1,-1,-1,-1,-1,-1,Z,-1,Z,-1,Z,-1,-1,-1,-1
elceef/dnstwist,https://github.com/elceef/dnstwist.git,10,2020-05-13,-1,-1,-1,-1,-1,-1,-1,Z,-1,Z,-1,Z,-1,-1,-1,-1
GeospatialPython/pyshp,https://github.com/GeospatialPython/pyshp.git,10,2020-04-17,-1,-1,-1,-1,-1,-1,-1,Z,-1,Z,-1,Z,-1,-1,-1,-1
GiacomoLaw/Keylogger,https://github.com/GiacomoLaw/Keylogger.git,10,2020-05-13,-1,-1,-1,-1,-1,-1,-1,Z,-1,Z,-1,Z,-1,-1,-1,-1
google/pywebsocket,https://github.com/google/pywebsocket.git,10,2020-05-11,-1,-1,-1,-1,-1,-1,-1,Z,-1,Z,-1,Z,-1,-1,-1,-1
Jahaja/psdash,https://github.com/Jahaja/psdash.git,10,2020-05-13,-1,-1,-1,-1,-1,-1,-1,Z,-1,Z,-1,Z,-1,-1,-1,-1
notadamking/RLTrader,https://github.com/notadamking/RLTrader.git,10,2020-05-12,-1,-1,-1,-1,-1,-1,-1,Z,-1,Z,-1,Z,-1,-1,-1,-1
pyexcel-webwares/django-excel,https://github.com/pyexcel-webwares/django-excel.git,10,2020-05-13,-1,-1,-1,-1,-1,-1,-1,Z,-1,Z,-1,Z,-1,-1,-1,-1
tensorflow/model-optimization,https://github.com/tensorflow/model-optimization.git,10,2020-05-13,-1,-1,-1,-1,-1,-1,-1,Z,-1,Z,-1,Z,-1,-1,-1,-1
varietywalls/variety,https://github.com/varietywalls/variety.git,10,2020-05-13,-1,-1,-1,-1,-1,-1,-1,Z,-1,Z,-1,Z,-1,-1,-1,-1
cirosantilli/linux-kernel-module-cheat,https://github.com/cirosantilli/linux-kernel-module-cheat.git,11,2020-05-13,-1,-1,-1,-1,-1,-1,-1,Z,-1,Z,-1,Z,-1,-1,-1,-1
dr-prodigy/python-holidays,https://github.com/dr-prodigy/python-holidays.git,11,2020-05-13,-1,-1,-1,-1,-1,-1,-1,Z,-1,Z,-1,Z,-1,-1,-1,-1
microsoft/MMdnn,https://github.com/microsoft/MMdnn.git,11,2020-05-14,-1,-1,-1,-1,-1,-1,-1,Z,-1,Z,-1,Z,-1,-1,-1,-1
opencv/cvat,https://github.com/opencv/cvat.git,11,2020-05-13,-1,-1,-1,-1,-1,-1,-1,Z,-1,Z,-1,Z,-1,-1,-1,-1
rabbitstack/fibratus,https://github.com/rabbitstack/fibratus.git,11,2020-05-08,-1,-1,-1,-1,-1,-1,-1,Z,-1,Z,-1,Z,-1,-1,-1,-1
ritiek/spotify-downloader,https://github.com/ritiek/spotify-downloader.git,11,2020-05-13,-1,-1,-1,-1,-1,-1,-1,Z,-1,Z,-1,Z,-1,-1,-1,-1
tensorflow/models,https://github.com/tensorflow/models.git,11,2020-05-14,-1,-1,-1,-1,-1,-1,-1,Z,-1,Z,-1,Z,-1,-1,-1,-1
23andMe/Yamale,https://github.com/23andMe/Yamale.git,12,2020-05-13,-1,-1,-1,-1,-1,-1,-1,Z,-1,Z,-1,Z,-1,-1,-1,-1
commonmark/commonmark-spec,https://github.com/commonmark/commonmark-spec.git,12,2020-05-13,-1,-1,-1,-1,-1,-1,-1,Z,-1,Z,-1,Z,-1,-1,-1,-1
deepchem/deepchem,https://github.com/deepchem/deepchem.git,12,2020-05-13,-1,-1,-1,-1,-1,-1,-1,Z,-1,Z,-1,Z,-1,-1,-1,-1
frappe/bench,https://github.com/frappe/bench.git,12,2020-05-13,-1,-1,-1,-1,-1,-1,-1,Z,-1,Z,-1,Z,-1,-1,-1,-1
ga4gh/ga4gh-schemas,https://github.com/ga4gh/ga4gh-schemas.git,12,2020-04-11,-1,-1,-1,-1,-1,-1,-1,Z,-1,Z,-1,Z,-1,-1,-1,-1
google/TensorNetwork,https://github.com/google/TensorNetwork.git,12,2020-05-12,-1,-1,-1,-1,-1,-1,-1,Z,-1,Z,-1,Z,-1,-1,-1,-1
googlesamples/assistant-sdk-python,https://github.com/googlesamples/assistant-sdk-python.git,12,2020-05-12,-1,-1,-1,-1,-1,-1,-1,Z,-1,Z,-1,Z,-1,-1,-1,-1
jeromerobert/pdfarranger,https://github.com/jeromerobert/pdfarranger.git,12,2020-05-12,-1,-1,-1,-1,-1,-1,-1,Z,-1,Z,-1,Z,-1,-1,-1,-1
jonasmalacofilho/liquidctl,https://github.com/jonasmalacofilho/liquidctl.git,12,2020-05-13,3373,1861,13,0,1,1,2,A,44.06376964482008,A,62.49389273777638,A,6.964285714285714,5188.899255695379,288.2721808719655,0.19295842612321162
kakaroto/SWProxy,https://github.com/kakaroto/SWProxy.git,12,2020-05-11,1477,1170,10,3,1,4,2,A,52.883859201162885,A,52.883859201162885,A,1.6240601503759398,166.3973392245448,9.244296623585823,0.02948598061674341
kynan/nbstripout,https://github.com/kynan/nbstripout.git,12,2020-05-13,462,279,3,0,0,3,5,A,57.162723560974214,A,64.14725912005258,A,4.313953488372093,1809.6763903198453,100.5375772399914,0.10929520591943316
Tuhinshubhra/CMSeeK,https://github.com/Tuhinshubhra/CMSeeK.git,12,2020-05-13,5122,3769,98,0,5,5,4,A,88.69077955545475,A,88.69077955545475,A,1.5,177.8888556225398,9.882714201252211,0.03953085680500885
vlachoudis/bCNC,https://github.com/vlachoudis/bCNC.git,12,2020-05-13,24972,16704,80,0,5,20,3,A,54.07496045949618,A,54.07496045949618,A,7.202755905511811,6417.091561943891,356.50508677466064,0.24926945387173138
aziz/PlainNotes,https://github.com/aziz/PlainNotes.git,13,2020-05-11,1833,1138,10,0,0,0,4,A,48.24815810899915,A,54.49966626090723,A,5.963737623762376,4077.4505621685653,226.52503123158695,0.18539235519164995
billryan/algorithm-exercise,https://github.com/billryan/algorithm-exercise.git,13,2020-05-13,256,194,5,0,1,0,3,A,67.14308957681448,A,67.14308957681448,A,1.8333333333333333,111.73133127247604,6.2072961818042245,0.020314787504086555
googleapis/dialogflow-python-client-v2,https://github.com/googleapis/dialogflow-python-client-v2.git,13,2020-05-13,-1,-1,-1,-1,-1,-1,-1,Z,-1,Z,-1,Z,-1,-1,-1,-1
rasbt/watermark,https://github.com/rasbt/watermark.git,13,2020-05-11,254,217,1,0,0,2,2,A,26.884674597977998,A,37.93825304837955,A,4.565217391304348,3879.148038781496,215.50822437674978,0.2832393806094426
roomai/RoomAI,https://github.com/roomai/RoomAI.git,13,2020-04-21,4779,3096,43,0,0,11,1,A,72.17203036622031,A,80.46203384661484,A,1.5,36.0,2.0,0.008
bwall/bamfdetect,https://github.com/bwall/bamfdetect.git,14,2020-04-23,2881,2369,38,2,0,5,3,A,52.7126658534146,A,52.7126658534146,A,3.5357142857142856,457.52556916411254,25.41808717578403,0.038648407361523245
feeluown/FeelUOwn,https://github.com/feeluown/FeelUOwn.git,14,2020-05-13,16850,11483,150,0,11,12,2,A,63.65473218171879,A,70.03201125142778,A,1.5,51.405906782820736,2.8558837101567076,0.012090201507293497
localstack/localstack,https://github.com/localstack/localstack.git,14,2020-05-13,24484,18259,112,0,38,7,2,A,59.334155954651244,A,60.50493365863111,A,2.0,143.08229141070296,7.949016189483498,0.02723308333814104
quantumblacklabs/kedro,https://github.com/quantumblacklabs/kedro.git,14,2020-05-13,38535,22399,149,4,36,42,2,A,65.41473103375895,A,63.49140293164267,A,2.2,330.8194695191899,18.378859417732773,0.05263037015078021
ReproNim/neurodocker,https://github.com/ReproNim/neurodocker.git,14,2020-05-13,6118,4038,34,0,2,6,2,A,59.975643835549505,A,72.04606791372424,A,1.25,33.210727020039144,1.8450403900021746,0.008090201507293497
altdesktop/i3ipc-python,https://github.com/altdesktop/i3ipc-python.git,15,2020-05-12,-1,-1,-1,-1,-1,-1,-1,Z,-1,Z,-1,Z,-1,-1,-1,-1
amanusk/s-tui,https://github.com/amanusk/s-tui.git,15,2020-05-13,3087,1909,21,0,4,1,2,A,76.8060088605028,A,74.13997458821974,A,1.5,70.86779935759708,3.9370999643109488,0.01726871868465843
cornellius-gp/gpytorch,https://github.com/cornellius-gp/gpytorch.git,15,2020-05-13,33752,21849,273,0,2,24,2,A,59.09002784429446,A,62.25238020700729,A,3.1666666666666665,499.5195987627786,27.75108882015437,0.05170483689955202
eliangcs/http-prompt,https://github.com/eliangcs/http-prompt.git,15,2020-05-13,3853,2969,27,0,1,6,2,A,63.77862794038898,A,63.77862794038898,A,1.0,47.548875021634686,2.6416041678685938,0.010566416671474375
maximdanilchenko/aiohttp-apispec,https://github.com/maximdanilchenko/aiohttp-apispec.git,15,2020-04-30,1262,923,15,0,2,4,2,A,71.86923788828112,A,87.43151654414046,A,0.5,3.1699250014423126,0.17610694452457293,0.002113283334294875
PixarAnimationStudios/OpenTimelineIO,https://github.com/PixarAnimationStudios/OpenTimelineIO.git,15,2020-05-13,32898,22242,113,0,5,13,1,A,72.5271450861073,A,75.28967674449181,A,1.5,42.793987519471216,2.377443751081734,0.009509775004326938
pyglet/pyglet,https://github.com/pyglet/pyglet.git,15,2020-05-13,-1,-1,-1,-1,-1,-1,-1,Z,-1,Z,-1,Z,-1,-1,-1,-1
apache/airflow,https://github.com/apache/airflow.git,16,2020-05-14,-1,-1,-1,-1,-1,-1,-1,Z,-1,Z,-1,Z,-1,-1,-1,-1
dropbox/PyHive,https://github.com/dropbox/PyHive.git,16,2020-05-13,3065,2128,15,0,1,5,1,A,49.58008152267182,A,56.05847495694953,A,2.4705882352941178,143.39850002884626,7.966583334935903,0.01911980000384617
egorsmkv/simple-django-login-and-register,https://github.com/egorsmkv/simple-django-login-and-register.git,16,2020-05-08,707,466,9,0,7,7,1,A,100.0,A,100.0,A,0,0,0.0,0.0
exxeleron/qPython,https://github.com/exxeleron/qPython.git,16,2020-04-30,5250,3008,20,0,0,3,2,A,53.619996910033706,A,55.87340663579864,A,4.94751513220771,2029.8616729685277,112.77009294269598,0.1283141465027253
hughperkins/pytorch,https://github.com/hughperkins/pytorch.git,16,2020-05-11,2015,1429,18,2,1,4,1,A,79.4044567200817,A,79.9718129289885,A,1.25,25.75488750216347,1.430827083453526,0.006584962500721156
HunterMcGushion/hyperparameter_hunter,https://github.com/HunterMcGushion/hyperparameter_hunter.git,16,2020-05-13,29367,14203,102,0,8,15,1,A,65.80810517287725,A,65.54375785372189,A,1.625,137.81772990396433,7.656540550220242,0.02304881309827858
pypa/auditwheel,https://github.com/pypa/auditwheel.git,16,2020-05-11,3266,2118,35,0,3,8,3,A,65.414526095638,A,70.44404409360986,A,1.5,74.30169903639559,4.1278721686886435,0.01
androguard/androguard,https://github.com/androguard/androguard.git,17,2020-05-12,22170,15116,66,2,2,18,2,A,47.31774063854226,A,49.91218948919985,A,4.44502457002457,1483.0781978412256,82.39323321340143,0.11539255200447526
autokey/autokey,https://github.com/autokey/autokey.git,17,2020-05-13,10043,6248,47,0,4,10,2,A,65.2929423564139,A,68.31519284040462,A,2.1538461538461537,171.17595007788486,9.509775004326936,0.020305892917640553
litl/backoff,https://github.com/litl/backoff.git,17,2020-05-13,2132,1461,11,0,1,1,2,A,63.55746148633721,A,67.33446598457691,A,2.9411764705882355,406.5952358169301,22.58862421205167,0.046080793392585404
OpenShot/openshot-qt,https://github.com/OpenShot/openshot-qt.git,17,2020-05-13,-1,-1,-1,-1,-1,-1,-1,Z,-1,Z,-1,Z,-1,-1,-1,-1
plotly/dash,https://github.com/plotly/dash.git,17,2020-05-14,16619,12272,73,0,2,10,2,A,55.7641098295316,A,56.3232454536818,A,2.051282051282051,214.66666666666669,11.925925925925927,0.032
spack/spack,https://github.com/spack/spack.git,17,2020-05-13,-1,-1,-1,-1,-1,-1,-1,Z,-1,Z,-1,Z,-1,-1,-1,-1
tiangolo/uwsgi-nginx-docker,https://github.com/tiangolo/uwsgi-nginx-docker.git,17,2020-05-13,688,598,13,0,4,0,4,A,50.95786653630301,A,50.95786653630301,A,1.5,62.26976913547136,3.4594316186372978,0.025094737505048096
Aidaho12/haproxy-wi,https://github.com/Aidaho12/haproxy-wi.git,18,2020-05-13,-1,-1,-1,-1,-1,-1,-1,Z,-1,Z,-1,Z,-1,-1,-1,-1
jupyter/nbgrader,https://github.com/jupyter/nbgrader.git,18,2020-05-13,24965,18035,157,0,8,36,2,A,55.56602202310507,A,58.039809088391145,A,1.5,102.01760089767903,5.6676444943155015,0.01911980000384617
Netflix/security_monkey,https://github.com/Netflix/security_monkey.git,18,2020-05-13,41658,25700,286,0,33,28,2,A,81.13525271634998,A,82.76959517928796,A,0.5,8.75488750216347,0.48638263900908163,0.0038698801581456034
ansible-community/molecule,https://github.com/ansible-community/molecule.git,19,2020-05-12,18428,10401,129,0,16,14,2,A,80.06521030225065,A,78.11285219042968,A,0.5652173913043478,18.094737505048094,1.0052631947248942,0.006031579168349364
e2nIEE/pandapower,https://github.com/e2nIEE/pandapower.git,19,2020-05-13,-1,-1,-1,-1,-1,-1,-1,Z,-1,Z,-1,Z,-1,-1,-1,-1
kuri65536/python-for-android,https://github.com/kuri65536/python-for-android.git,19,2020-04-27,-1,-1,-1,-1,-1,-1,-1,Z,-1,Z,-1,Z,-1,-1,-1,-1
lmcinnes/umap,https://github.com/lmcinnes/umap.git,19,2020-05-13,8578,5550,23,0,0,13,2,A,57.78450182183894,A,58.836498751689795,A,5.142857142857143,3016.0508326891963,167.55837959384425,0.18431421755322866
micahflee/onionshare,https://github.com/micahflee/onionshare.git,19,2020-05-13,13923,9217,48,0,1,2,2,A,55.68822610452642,A,64.03514917483213,A,2.5,237.68555497880013,13.204753054377786,0.0377617305765532
mozilla/addons-server,https://github.com/mozilla/addons-server.git,19,2020-05-13,-1,-1,-1,-1,-1,-1,-1,Z,-1,Z,-1,Z,-1,-1,-1,-1
phaethon/kamene,https://github.com/phaethon/kamene.git,19,2020-05-07,-1,-1,-1,-1,-1,-1,-1,Z,-1,Z,-1,Z,-1,-1,-1,-1
bitcraze/crazyflie-clients-python,https://github.com/bitcraze/crazyflie-clients-python.git,20,2020-05-12,13274,8595,56,0,1,13,2,A,64.67955369006206,A,65.2804061885562,A,3.4318181818181817,712.9154965088848,39.60641647271582,0.06396796230134563
espressif/esptool,https://github.com/espressif/esptool.git,20,2020-05-13,9618,6601,30,0,2,6,2,A,46.039970353969316,A,47.17938618642543,A,7.726666666666667,6399.693249095955,355.53851383866424,0.30995919296053853
flasgger/flasgger,https://github.com/flasgger/flasgger.git,20,2020-05-13,6784,3687,50,0,2,4,2,A,63.20556652965721,A,78.06844146622868,A,1.0,43.47325716263743,2.415180953479857,0.013287712379549451
holoviz/datashader,https://github.com/holoviz/datashader.git,20,2020-05-13,23172,15266,72,0,1,7,2,A,50.56389648865101,A,53.18320411881089,A,5.0344444444444445,1628.6626448114482,90.48125804508047,0.14420777211638544
holoviz/panel,https://github.com/holoviz/panel.git,20,2020-05-13,22739,15551,141,0,18,42,3,A,51.08159072016105,A,58.39657266994875,A,2.0,337.32997806940887,18.74055433718938,0.04568825906469125
juanifioren/django-oidc-provider,https://github.com/juanifioren/django-oidc-provider.git,20,2020-05-12,6065,4182,55,0,9,12,1,A,100.0,A,100.0,A,0,0,0.0,0.0
pyro-ppl/pyro,https://github.com/pyro-ppl/pyro.git,20,2020-05-13,-1,-1,-1,-1,-1,-1,-1,Z,-1,Z,-1,Z,-1,-1,-1,-1
reiinakano/xcessiv,https://github.com/reiinakano/xcessiv.git,20,2020-05-12,3410,2354,20,0,4,10,3,A,54.80105382238303,A,62.952075215757546,A,0.696969696969697,51.06645313705985,2.837025174281103,0.018418917621841585
saulpw/visidata,https://github.com/saulpw/visidata.git,20,2020-05-14,7355,5536,67,0,2,9,3,A,57.7066046187911,A,58.73555481285653,A,2.8125,236.36363636363637,13.131313131313131,0.029189475010096184
BrikerMan/Kashgari,https://github.com/BrikerMan/Kashgari.git,21,2020-05-13,7468,4703,68,0,0,15,2,A,71.6268060457766,A,78.56302910444484,A,1.0,30.914460711655217,1.7174700395364009,0.009
NordicSemiconductor/pc-nrfutil,https://github.com/NordicSemiconductor/pc-nrfutil.git,21,2020-05-12,8899,5294,45,0,2,12,2,A,71.09413932049374,A,71.21356109777379,A,2.65,274.97563325971583,15.276424069984213,0.033859718495273826
rasbt/mlxtend,https://github.com/rasbt/mlxtend.git,21,2020-05-13,26700,15233,183,0,1,23,2,A,68.64538077507052,A,67.15831712062781,A,2.0,272.7719979479402,15.153999885996676,0.04798651396100548
census-instrumentation/opencensus-python,https://github.com/census-instrumentation/opencensus-python.git,22,2020-05-07,40526,25984,280,0,4,157,1,A,88.58403324435058,A,86.44825946249317,A,0.5,2.3774437510817346,0.1320802083934297,0.0015849625007211565
Esri/arcgis-python-api,https://github.com/Esri/arcgis-python-api.git,22,2020-05-12,672,454,4,0,1,6,7,B,54.063482919987905,A,54.063482919987905,A,3.9680232558139537,2198.418070892373,122.1343372717985,0.15136792503990398
HelloZeroNet/ZeroNet,https://github.com/HelloZeroNet/ZeroNet.git,22,2020-05-13,31948,24493,168,0,12,56,3,A,49.78224549743419,A,50.23466415313615,A,4.768481788676524,2160.4172474283496,120.0231804126861,0.1451967977366182
readbeyond/aeneas,https://github.com/readbeyond/aeneas.git,23,2020-05-13,41639,23874,155,0,0,20,2,A,67.07271118677055,A,67.07271118677055,A,1.5,83.25989365817458,4.625549647676365,0.01850219859070546
Uberi/speech_recognition,https://github.com/Uberi/speech_recognition.git,23,2020-05-14,454,336,7,0,0,9,3,A,76.59412817635382,A,76.59412817635382,A,1.0,15.509775004326936,0.861654166907052,0.005169925001442312
airbnb/streamalert,https://github.com/airbnb/streamalert.git,24,2020-05-13,57138,34079,299,0,84,14,1,A,71.6943863027522,A,83.911535722688,A,0.5,6.965784284662087,0.3869880158145604,0.0038698801581456034
linkedin/iris,https://github.com/linkedin/iris.git,24,2020-05-14,8485,6457,69,0,6,11,3,A,63.227992037443805,A,65.20490711891665,A,1.8,148.69039594712387,8.260577552617994,0.02734823416925963
awslabs/aws-deployment-framework,https://github.com/awslabs/aws-deployment-framework.git,25,2020-05-13,10075,7691,90,0,1,28,2,A,68.5711701928546,A,74.6004501077718,A,0.5,22.482643574216805,1.249035754123156,0.007877443751081733
chartbeat-labs/textacy,https://github.com/chartbeat-labs/textacy.git,25,2020-05-11,20825,12543,93,0,0,16,3,A,45.01825556172838,A,58.212067191836,A,3.236842105263158,681.9128449223014,37.88404694012785,0.06833333333333333
controlscanmdr/cyphon,https://github.com/controlscanmdr/cyphon.git,25,2020-05-05,68333,30698,527,0,1,274,1,A,100.0,A,100.0,A,0,0,0.0,0.0
nginxinc/crossplane,https://github.com/nginxinc/crossplane.git,25,2020-05-09,-1,-1,-1,-1,-1,-1,-1,Z,-1,Z,-1,Z,-1,-1,-1,-1
panzarino/mlbgame,https://github.com/panzarino/mlbgame.git,25,2020-05-13,3711,2326,14,0,0,2,2,A,54.10977122083159,A,55.51581102704983,A,1.1322115384615383,85.80786356404515,4.767103531335842,0.022274067947381126
shenweichen/DeepCTR,https://github.com/shenweichen/DeepCTR.git,25,2020-05-13,9208,4531,59,0,4,11,2,A,71.44842835188814,A,77.22528471413388,A,1.5,42.793987519471216,2.377443751081734,0.009509775004326938
wandb/client,https://github.com/wandb/client.git,25,2020-05-13,-1,-1,-1,-1,-1,-1,-1,Z,-1,Z,-1,Z,-1,-1,-1,-1
althonos/InstaLooter,https://github.com/althonos/InstaLooter.git,26,2020-05-07,3424,1920,22,0,0,7,1,A,66.2340707355033,A,71.1622857659041,A,1.5,30.081594029127025,1.6711996682848347,0.008088476134168139
pyproj4/pyproj,https://github.com/pyproj4/pyproj.git,26,2020-05-13,11848,7731,38,0,1,5,2,A,52.63040285146215,A,59.47752108295896,A,1.0866912880036932,159.650904123886,8.869494673549221,0.05122339086995195
ComplianceAsCode/content,https://github.com/ComplianceAsCode/content.git,27,2020-05-13,21989,15629,118,0,2,4,3,A,51.50589752975658,A,57.79154857214784,A,2.9092261904761907,537.6410276873606,29.868945982631146,0.06382230835304495
huggingface/transformers,https://github.com/huggingface/transformers.git,27,2020-05-14,-1,-1,-1,-1,-1,-1,-1,Z,-1,Z,-1,Z,-1,-1,-1,-1
mps-youtube/mps-youtube,https://github.com/mps-youtube/mps-youtube.git,27,2020-05-13,8152,5396,41,0,1,4,3,A,49.904224628275124,A,55.98842655260033,A,4.96969696969697,1768.9229112265705,98.27349506814281,0.12775554358858565
pyrogram/pyrogram,https://github.com/pyrogram/pyrogram.git,27,2020-05-13,31306,18546,240,0,0,39,3,A,100.0,A,93.8531774151353,A,0.5,1.0,0.05555555555555555,0.0006666666666666666
airbnb/knowledge-repo,https://github.com/airbnb/knowledge-repo.git,28,2020-05-13,10126,6947,88,0,3,13,2,A,62.73892465908837,A,69.88271654358049,A,1.4166666666666665,57.653010963732065,3.2029450535406703,0.012986147490609772
chaoss/augur,https://github.com/chaoss/augur.git,28,2020-05-11,20687,12912,101,0,5,30,1,A,68.37013526640423,A,71.73493117000216,A,1.0,76.98389289217046,4.276882938453914,0.020836749843245433
jantman/awslimitchecker,https://github.com/jantman/awslimitchecker.git,28,2020-04-30,27543,19353,84,0,1,13,3,A,45.525409056857626,A,60.096646710075746,A,3.2790834312573445,1487.4849127800505,82.6380507100028,0.13966825308680547
napalm-automation/napalm,https://github.com/napalm-automation/napalm.git,28,2020-05-13,13145,7744,68,0,11,26,2,A,64.314241154764,A,72.55961489706081,A,0.8529411764705883,15.509775004326936,0.861654166907052,0.005169925001442312
RasaHQ/rasa,https://github.com/RasaHQ/rasa.git,28,2020-05-13,73064,51423,292,0,39,22,2,A,54.09315196323415,A,57.423523768194784,A,1.8,204.13683135390454,11.340935075216919,0.0333594000115385
timbrel/GitSavvy,https://github.com/timbrel/GitSavvy.git,28,2020-05-13,20529,13270,121,0,8,12,2,A,58.68896597748858,A,66.94660550890873,A,2.25,167.59699690871406,9.310944272706337,0.024113247839698156
commixproject/commix,https://github.com/commixproject/commix.git,29,2020-05-12,23535,17153,72,0,1,38,6,B,42.97302195171034,A,49.44532373057738,A,5.138671483042344,9484.858137866351,526.9365632147974,0.5423539363246044
RackHD/RackHD,https://github.com/RackHD/RackHD.git,29,2020-05-06,22054,15494,140,38,10,12,2,A,59.14373276004815,A,68.35744504115466,A,1.5576923076923077,184.53034617584544,10.25168589865808,0.028754495883193378
DeepSpace2/StyleFrame,https://github.com/DeepSpace2/StyleFrame.git,30,2020-05-12,2192,1561,15,0,1,4,2,A,59.66769806887004,A,59.66769806887004,A,0.5,6.965784284662087,0.3869880158145604,0.004643856189774725
MobSF/Mobile-Security-Framework-MobSF,https://github.com/MobSF/Mobile-Security-Framework-MobSF.git,30,2020-05-13,-1,-1,-1,-1,-1,-1,-1,Z,-1,Z,-1,Z,-1,-1,-1,-1
neovim/pynvim,https://github.com/neovim/pynvim.git,30,2020-05-11,4260,2655,30,0,0,8,2,A,56.055778099917205,A,58.7188527360663,A,1.9821428571428572,264.81239071240327,14.711799484022404,0.029372820017029757
uber/petastorm,https://github.com/uber/petastorm.git,30,2020-05-13,18694,10340,121,0,12,13,2,A,77.38122609592868,A,77.56519275736166,A,2.0,120.0,6.666666666666667,0.02213904670844827
iawia002/Lulu,https://github.com/iawia002/Lulu.git,32,2020-05-11,13782,10804,122,0,11,8,3,A,68.18409889416961,A,69.56314679664521,A,1.5,45.39699375973561,2.5220552088742005,0.009509775004326938
ray-project/ray,https://github.com/ray-project/ray.git,33,2020-05-14,-1,-1,-1,-1,-1,-1,-1,Z,-1,Z,-1,Z,-1,-1,-1,-1
cloud-custodian/cloud-custodian,https://github.com/cloud-custodian/cloud-custodian.git,34,2020-05-13,-1,-1,-1,-1,-1,-1,-1,Z,-1,Z,-1,Z,-1,-1,-1,-1
Ericsson/codechecker,https://github.com/Ericsson/codechecker.git,34,2020-05-13,54452,33918,311,1,2,58,2,A,76.46162884127062,A,79.89240452870753,A,1.0,33.688259064691245,1.8715699480384025,0.009357849740192013
ibm-watson-iot/iot-python,https://github.com/ibm-watson-iot/iot-python.git,34,2020-05-08,16924,11136,104,0,0,12,2,A,66.16706292070698,A,68.03392615922272,A,1.9,279.32689429854895,15.51816079436383,0.05462783995778636
jtpereyda/boofuzz,https://github.com/jtpereyda/boofuzz.git,34,2020-05-12,17016,9217,106,0,2,28,1,A,62.44990967085179,A,71.57417121140946,A,1.7823529411764705,143.94768919805784,7.997093844336547,0.02266666666666667
apple/ccs-calendarserver,https://github.com/apple/ccs-calendarserver.git,35,2020-05-11,-1,-1,-1,-1,-1,-1,-1,Z,-1,Z,-1,Z,-1,-1,-1,-1
deepmipt/DeepPavlov,https://github.com/deepmipt/DeepPavlov.git,35,2020-05-13,42781,23939,251,0,41,36,3,A,68.7169573160002,A,72.13004797280243,A,2.5714285714285716,250.3445281256086,13.90802934031159,0.03256744426973415
KurtBestor/Hitomi-Downloader,https://github.com/KurtBestor/Hitomi-Downloader.git,37,2020-05-12,-1,-1,-1,-1,-1,-1,-1,Z,-1,Z,-1,Z,-1,-1,-1,-1
muammar/mkchromecast,https://github.com/muammar/mkchromecast.git,37,2020-05-13,4620,3606,16,0,0,6,2,A,49.07342084844004,A,54.42056982376637,A,3.438690476190476,938.7717880686121,52.153988226034,0.08925223217712248
robotframework/robotframework,https://github.com/robotframework/robotframework.git,37,2020-05-13,64327,42092,549,0,6,70,1,A,67.07410335148168,A,67.47616610209568,A,1.5,62.26976913547136,3.4594316186372978,0.01383772647454919
wkentaro/labelme,https://github.com/wkentaro/labelme.git,37,2020-05-13,3740,2994,34,1,3,6,3,A,57.52755695364967,A,57.52755695364967,A,2.4871794871794872,281.0851655928214,15.615842532934522,0.03322175718726329
thingsboard/thingsboard-gateway,https://github.com/thingsboard/thingsboard-gateway.git,38,2020-05-13,8334,6453,58,0,0,36,4,A,77.15021962937982,A,77.15021962937982,A,2.4523809523809526,211.93336334541303,11.774075741411835,0.028920126051785386
anymail/django-anymail,https://github.com/anymail/django-anymail.git,39,2020-05-13,21053,15399,74,0,3,11,1,A,66.19106787511268,A,66.646035259907,A,1.0555555555555556,57.502107537721685,3.194561529873427,0.012151379172195532
tensorflow/magenta,https://github.com/tensorflow/magenta.git,41,2020-05-13,-1,-1,-1,-1,-1,-1,-1,Z,-1,Z,-1,Z,-1,-1,-1,-1
Neo23x0/Loki,https://github.com/Neo23x0/Loki.git,43,2020-05-12,672,464,5,7,1,1,6,B,60.18277630759083,A,61.4502780249716,A,2.6153846153846154,427.44585383153714,23.74699187952984,0.06965784284662087
morpheus65535/bazarr,https://github.com/morpheus65535/bazarr.git,44,2020-05-14,-1,-1,-1,-1,-1,-1,-1,Z,-1,Z,-1,Z,-1,-1,-1,-1
simonw/datasette,https://github.com/simonw/datasette.git,44,2020-05-13,-1,-1,-1,-1,-1,-1,-1,Z,-1,Z,-1,Z,-1,-1,-1,-1
astronomer/airflow-guides,https://github.com/astronomer/airflow-guides.git,46,2020-05-13,-1,-1,-1,-1,-1,-1,-1,Z,-1,Z,-1,Z,-1,-1,-1,-1
noisyboiler/wampy,https://github.com/noisyboiler/wampy.git,46,2020-04-27,-1,-1,-1,-1,-1,-1,-1,Z,-1,Z,-1,Z,-1,-1,-1,-1
wemake-services/wemake-python-styleguide,https://github.com/wemake-services/wemake-python-styleguide.git,46,2020-05-13,-1,-1,-1,-1,-1,-1,-1,Z,-1,Z,-1,Z,-1,-1,-1,-1
nabla-c0d3/sslyze,https://github.com/nabla-c0d3/sslyze.git,47,2020-05-13,-1,-1,-1,-1,-1,-1,-1,Z,-1,Z,-1,Z,-1,-1,-1,-1
samuelcolvin/arq,https://github.com/samuelcolvin/arq.git,47,2020-05-13,-1,-1,-1,-1,-1,-1,-1,Z,-1,Z,-1,Z,-1,-1,-1,-1
julesontheroad/NSC_BUILDER,https://github.com/julesontheroad/NSC_BUILDER.git,48,2020-05-10,-1,-1,-1,-1,-1,-1,-1,Z,-1,Z,-1,Z,-1,-1,-1,-1
pyexcel/pyexcel,https://github.com/pyexcel/pyexcel.git,54,2020-05-13,-1,-1,-1,-1,-1,-1,-1,Z,-1,Z,-1,Z,-1,-1,-1,-1
snapcore/snapcraft,https://github.com/snapcore/snapcraft.git,55,2020-05-13,-1,-1,-1,-1,-1,-1,-1,Z,-1,Z,-1,Z,-1,-1,-1,-1
custom-components/custom_updater,https://github.com/custom-components/custom_updater.git,57,2020-04-18,-1,-1,-1,-1,-1,-1,-1,Z,-1,Z,-1,Z,-1,-1,-1,-1
instagrambot/instabot,https://github.com/instagrambot/instabot.git,57,2020-05-14,-1,-1,-1,-1,-1,-1,-1,Z,-1,Z,-1,Z,-1,-1,-1,-1
pre-commit/pre-commit,https://github.com/pre-commit/pre-commit.git,57,2020-05-14,-1,-1,-1,-1,-1,-1,-1,Z,-1,Z,-1,Z,-1,-1,-1,-1
awslabs/aws-sam-cli,https://github.com/awslabs/aws-sam-cli.git,61,2020-05-13,-1,-1,-1,-1,-1,-1,-1,Z,-1,Z,-1,Z,-1,-1,-1,-1
aliyun/aliyun-odps-python-sdk,https://github.com/aliyun/aliyun-odps-python-sdk.git,65,2020-05-13,-1,-1,-1,-1,-1,-1,-1,Z,-1,Z,-1,Z,-1,-1,-1,-1
explosion/spaCy,https://github.com/explosion/spaCy.git,65,2020-05-13,-1,-1,-1,-1,-1,-1,-1,Z,-1,Z,-1,Z,-1,-1,-1,-1
kozec/sc-controller,https://github.com/kozec/sc-controller.git,68,2020-05-13,23074,15651,97,44,0,19,2,A,53.13246068127029,A,62.46287380468822,A,3.5294117647058822,604.5612495487011,33.58673608603895,0.057688259064691244
samuelcolvin/pydantic,https://github.com/samuelcolvin/pydantic.git,70,2020-05-14,19638,14690,174,0,2,8,1,A,100.0,A,100.0,A,0.0,0.0,0.0,0.0
Azure/batch-shipyard,https://github.com/Azure/batch-shipyard.git,71,2020-05-08,-1,-1,-1,-1,-1,-1,-1,Z,-1,Z,-1,Z,-1,-1,-1,-1
OpenNMT/OpenNMT-tf,https://github.com/OpenNMT/OpenNMT-tf.git,72,2020-05-13,17926,12024,98,0,2,12,2,A,51.01033294827418,A,60.06845364968706,A,2.883116883116883,247.48057215615768,13.748920675342092,0.03087344832008359
tensorflow/tensor2tensor,https://github.com/tensorflow/tensor2tensor.git,73,2020-05-13,-1,-1,-1,-1,-1,-1,-1,Z,-1,Z,-1,Z,-1,-1,-1,-1
tensorlayer/tensorlayer,https://github.com/tensorlayer/tensorlayer.git,73,2020-05-13,44173,23918,203,0,5,40,2,A,60.993222637781926,A,66.41010886934544,A,4.333333333333333,905.2445749709387,50.29136527616326,0.07687461933120013
dylanaraps/pywal,https://github.com/dylanaraps/pywal.git,78,2020-05-13,1960,1222,20,0,0,5,3,A,58.6257205452768,A,62.64500415076594,A,2.375,147.2279308383477,8.179329491019317,0.018060521789710182
python-poetry/poetry,https://github.com/python-poetry/poetry.git,79,2020-05-13,40031,29297,238,0,79,46,2,A,60.53484831656385,A,61.71193768891267,A,1.336466165413534,100.04552689969827,5.558084827761014,0.02249158812039695
deepmind/kapitan,https://github.com/deepmind/kapitan.git,81,2020-05-12,8947,6330,51,0,0,10,2,A,65.05895630975466,A,68.17947009983793,A,1.0,15.509775004326936,0.861654166907052,0.005169925001442312
PSLmodels/Tax-Calculator,https://github.com/PSLmodels/Tax-Calculator.git,81,2020-05-09,17611,11601,49,0,0,12,3,A,54.61256238787376,A,60.361756533261236,A,5.108910891089109,2130.6252531925247,118.36806962180692,0.13962406251802892
quodlibet/quodlibet,https://github.com/quodlibet/quodlibet.git,81,2020-05-13,-1,-1,-1,-1,-1,-1,-1,Z,-1,Z,-1,Z,-1,-1,-1,-1
tqdm/tqdm,https://github.com/tqdm/tqdm.git,83,2020-05-13,3808,2583,31,0,1,15,3,A,61.669516278644096,A,68.38263774014926,A,2.3333333333333335,280.0,15.555555555555555,0.03398342010754868
pantsbuild/pex,https://github.com/pantsbuild/pex.git,91,2020-05-13,-1,-1,-1,-1,-1,-1,-1,Z,-1,Z,-1,Z,-1,-1,-1,-1
themix-project/oomox,https://github.com/themix-project/oomox.git,93,2020-05-13,6754,5589,33,0,0,4,2,A,55.64101965420274,A,55.64101965420274,A,2.4615384615384617,183.47670006346175,10.193150003525652,0.02995282789966531
microsoft/MLOpsPython,https://github.com/microsoft/MLOpsPython.git,99,2020-05-13,1757,1252,20,0,4,4,3,A,69.55674337470793,A,71.30578622842515,A,1.8611111111111112,105.47037388620215,5.859465215900119,0.015894955485127454
wagtail/wagtail,https://github.com/wagtail/wagtail.git,120,2020-05-14,-1,-1,-1,-1,-1,-1,-1,Z,-1,Z,-1,Z,-1,-1,-1,-1
Kinto/kinto,https://github.com/Kinto/kinto.git,140,2020-05-13,32255,23320,165,0,6,2,1,A,60.45433028516784,A,66.39098694170256,A,1.0,22.458839376460833,1.2477132986922685,0.008422064766172813
netbox-community/netbox,https://github.com/netbox-community/netbox.git,141,2020-05-13,-1,-1,-1,-1,-1,-1,-1,Z,-1,Z,-1,Z,-1,-1,-1,-1
Tautulli/Tautulli,https://github.com/Tautulli/Tautulli.git,157,2020-05-13,-1,-1,-1,-1,-1,-1,-1,Z,-1,Z,-1,Z,-1,-1,-1,-1
conda/conda-build,https://github.com/conda/conda-build.git,170,2020-04-28,26795,19141,109,1,7,75,3,A,58.932740842064575,A,59.18078235043733,A,1.7307692307692308,237.6857250822118,13.204762504567322,0.03681537178317774
aws/sagemaker-python-sdk,https://github.com/aws/sagemaker-python-sdk.git,223,2020-05-13,69671,45269,228,0,6,52,2,A,62.71433205320159,A,64.18217581730474,A,1.5,210.97209216286,11.720671786825555,0.0438254699015027
